x1,x2,x3,x4,x5,x6,x7,x8,x9,x10,y,Label
17,B,0.7310663732984578,78,A,0.042755185522017514,59,E,0.2474261968264203,4,84613.42677075841,B16C
89,A,0.9324277829788153,59,B,0.2841323629396526,7,B,0.05267777851972899,55,82776.87646265182,B16C
49,D,0.9478627716349608,23,A,0.866393380376566,43,D,0.05429422762847902,79,81134.53100996304,B16C
43,A,0.0003070750337554884,40,E,0.28833036248421084,58,D,0.12794109728725245,95,80460.7088476403,B16C
11,C,0.10546563000941944,39,A,0.08649307579282084,62,B,0.17228689391354302,65,79128.17438580473,B16C
5,A,0.2329920525459397,64,B,0.745965376524088,56,B,0.3937952665191362,41,78854.11954214663,B16C
16,B,0.39212785498678826,30,C,0.9174078143989841,71,C,0.8243473859149233,8,77936.69928077962,B16C
28,B,0.9780981193157132,79,A,0.5842392897883149,71,D,0.7477496315366798,51,77718.17645569574,B16C
21,E,0.15877628628726226,97,E,0.6131294785366633,2,E,0.43134835822534634,33,75921.64617178656,B16C
43,A,0.5022801292685278,7,B,0.05047369771076682,25,C,0.7488552349145273,91,75547.95029017267,B16C
23,C,0.3890607096186526,63,E,0.6644993783527191,26,D,0.8656575078434725,23,75477.61089645306,B16C
90,B,0.5633889305968313,36,A,0.17199525377472402,40,E,0.388092599090059,31,75354.8297265799,B16C
87,B,0.0005099890159435683,80,A,0.7378861824162857,55,A,0.8543966643062522,21,74983.85663087826,B16C
21,D,0.8316534876101951,61,B,0.16230589962033193,32,D,0.8536812868816237,8,74152.51728336778,B16C
42,C,0.8906403862806171,19,A,0.44169398714766905,36,E,0.6153503393155135,85,74149.92821188769,B16C
16,E,0.23168096542336458,44,A,0.4956300126262707,25,B,0.7285166243343448,83,74075.16203394101,B16C
61,B,0.16555317977469386,66,A,0.6397618036350985,77,A,0.5217559077272106,94,73988.49671504575,B16C
47,A,0.7981250480064295,24,B,0.2906166524443401,63,A,0.3309350066738628,49,73987.15132914027,B16C
44,D,0.44151869651086506,52,C,0.13401929574575877,45,D,0.8856528947594307,48,73286.99489205395,B16C
69,D,0.9829052328596898,44,D,0.3304566257154893,65,A,0.9898428312911868,21,73215.56663466283,B16C
30,D,0.6109517694362774,26,C,0.5559267965910145,72,E,0.8412882829415532,47,73058.22592173307,B16C
39,B,0.0814408673219329,22,E,0.2410783056204142,26,A,0.5482496506918623,8,72734.18297037683,B16C
4,E,0.5705528549499722,62,E,0.28805812314867507,80,A,0.6188124919542186,1,72567.74966129384,B16C
15,A,0.6897754559960694,28,E,0.8511355482209931,98,B,0.2892964559519515,47,72541.42870604293,B16C
59,A,0.3816092179827253,11,C,0.07434988155754207,54,C,0.18613114955121335,57,72146.07201218541,B16C
60,E,0.4557062844202975,85,D,0.34581458977214286,8,B,0.9923842825293897,61,72122.50532248578,B16C
86,B,0.7121089328535756,23,C,0.3775832008180313,65,E,0.15109551937925192,64,72104.24270844288,B16C
12,E,0.17420150867648287,88,D,0.5251256551131612,16,B,0.6879996211440641,75,71694.07775833078,B16C
62,A,0.49840754271320487,3,B,0.36060191357935123,62,E,0.6779707060060214,35,71525.77337638845,B16C
27,D,0.5969251357296542,16,C,0.0038003380729147995,91,C,0.518889089033459,14,71444.086715621,B16C
50,C,0.2283201737969427,31,D,0.348026493053496,85,B,0.1161059090769796,14,71400.58349767927,B16C
96,E,0.842627198862633,12,B,0.0250033097123169,55,A,0.870407290102308,55,71373.95388449507,B16C
63,D,0.9188528558831043,68,A,0.7492885415712184,4,C,0.5595570039209465,78,71307.54610199915,B16C
10,B,0.0895156997948855,44,B,0.9804236260839613,49,B,0.4466633918877,13,71225.42285115481,B16C
21,D,0.32498740955708616,47,A,0.3893828058518618,61,B,0.326834129427076,16,71219.72589698233,B16C
20,A,0.1589650940226306,25,D,0.41778081396778777,17,B,0.6469421469883938,48,71192.99174924113,B16C
83,A,0.6628030863757358,41,E,0.31145137382027,81,B,0.7573932834027498,54,71112.2469177816,B16C
32,E,0.30360504708709235,66,E,0.3565872716308053,78,B,0.6278549220279129,48,71026.3873964149,B16C
97,C,0.9886565549140125,28,B,0.9006240725048469,28,C,0.6083398929991,10,70994.92908703058,B16C
13,E,0.4199075476984676,34,A,0.7404044529120518,37,E,0.9602160853089958,31,70993.19159971812,B16C
49,A,0.8954756057523938,74,E,0.002484466369574667,55,B,0.3178723289884682,63,70587.57034853105,B16C
95,C,0.28944919430436933,49,A,0.8584003316245739,70,D,0.7973820672427258,52,70587.47104931714,B16C
75,E,0.9733070795003765,78,B,0.24599966817095165,59,C,0.7953224176163041,59,70557.95643761111,B16C
97,B,0.20889103424340494,32,D,0.7401193764538141,28,C,0.6595188273128846,6,70523.26086958428,B16C
58,A,0.8424664072126257,54,C,0.045927984152292156,25,C,0.5223151586336727,97,70437.74568925594,B16C
55,B,0.5518951394991458,22,C,0.7143900411385028,90,B,0.20253041972801933,4,70376.74052815774,B16C
34,D,0.8283690072301977,44,A,0.48793590491573624,60,A,0.055301585889300786,74,70346.05415041478,B16C
66,C,0.01603640003064577,29,E,0.7655277574406779,70,C,0.013817170990364613,48,70305.46070884887,B16C
73,B,0.9353822607327862,37,C,0.39272248963991263,95,D,0.4187898373933475,21,70231.95963675661,B16C
44,C,0.16422068745957075,4,E,0.27451197504263425,77,C,0.5848170808863692,28,70035.0238959162,B16C
36,D,0.394237736129301,60,A,0.6455326083408336,14,C,0.7782872523011868,54,70007.9535044963,B16C
29,A,0.7323490696478979,29,D,0.9405862283227774,30,D,0.8923176371198865,50,69764.03801017159,B16C
29,A,0.3218275081690799,90,D,0.9532268990066883,82,B,0.9469289813292784,11,69758.00643371383,B16C
75,C,0.01832616854519864,97,E,0.47997015193966397,96,C,0.33125101741851026,89,69705.42126935335,B16C
63,A,0.9890392417557957,11,A,0.15440498345272935,48,A,0.9362634356333166,19,69578.40099333748,B16C
48,D,0.5219158706823186,45,C,0.8486474162684481,71,A,0.7451948076587508,49,69363.74759097029,B16C
35,B,0.5736665975490097,67,C,0.9608994120683175,1,E,0.3785851631071444,30,69357.6892103033,B16C
31,D,0.25936582116749485,42,A,0.8861771635707026,57,B,0.995633351341769,31,69324.6985257986,B16C
66,D,0.23018127887125772,9,E,0.9650698911104829,46,E,0.8312125208057458,80,69160.07804409663,B16C
52,E,0.7771529082294736,45,E,0.06500236879837717,65,D,0.23203062384535178,18,69091.13769890831,B16C
58,E,0.6126612471519991,5,D,0.3007975085525736,5,A,0.49958674483185495,70,69042.12596352003,B16C
31,C,0.3394422057373845,64,C,0.9067916477364032,77,C,0.8942308668532413,58,69012.55447492751,B16C
72,A,0.3587978571573526,12,A,0.31503587126388266,78,E,0.7570373561858398,2,68974.30278631483,B16C
22,B,0.5588008343539963,38,D,0.41217800018668815,46,E,0.6412334437976625,74,68966.3045655911,B16C
61,E,0.5913425897986417,55,D,0.6703885297741475,46,A,0.6035648488992342,17,68677.19710680557,B16C
37,B,0.5080273155538209,40,C,0.04841644882968765,65,E,0.44685458168055825,47,68635.83307316853,B16C
78,B,0.9407524526450062,43,D,0.4812539790961142,42,B,0.06751576929917213,42,68593.39340031087,B16C
30,B,0.20771552172469143,84,E,0.6989148751655587,56,E,0.7809686042579368,67,68563.11825302574,B16C
71,C,0.819711622753325,17,E,0.39363272373679337,31,A,0.18661356892797698,27,68522.43472354133,B16C
44,B,0.08565039391541018,96,E,0.8526634336275619,89,C,0.6666336051002972,42,68286.37654050274,B16C
28,E,0.008486012083443017,51,E,0.4245011800656404,47,C,0.31740237618157563,65,68279.63280751709,B16C
45,E,0.8661889152655807,46,D,0.7498336138466634,40,B,0.35694797788978605,73,68157.2039358494,B16C
52,B,0.07202666573033634,79,B,0.8639818533042556,48,B,0.3169250166415214,4,68153.31379820363,B16C
48,B,0.8121045388640898,60,A,0.11565462238615332,86,B,0.7664747268552259,76,68103.35628580746,B16C
78,B,0.9021541886529115,22,E,0.16035652342331974,28,E,0.4765145262728119,64,67987.12766270415,B16C
18,D,0.4639465417220131,57,B,0.6465700551143536,97,A,0.3545914321628617,79,67963.26506955735,B16C
16,B,0.2387136918487337,79,C,0.2023840642007948,19,A,0.2980961999296454,10,67883.4676814046,B16C
38,C,0.6119808635302266,49,D,0.8782922162893867,54,B,0.316402420502774,7,67863.15909840075,B16C
11,C,0.9907621555393796,52,A,0.15256783126098772,64,A,0.5351925411471611,75,67774.22127865322,B16C
56,E,0.5246211016193748,32,E,0.7373813438870674,12,A,0.37122604623696087,55,67622.33876339691,B16C
16,E,0.7920192079401351,14,A,0.4398920715078196,54,A,0.18898131907785165,9,67568.38476287723,B16C
63,D,0.8626181017594305,43,E,0.024614935978468422,65,A,0.9237499910166088,97,67526.87238562632,B16C
64,A,0.5733137445715221,86,D,0.6746767278561449,33,D,0.5960848594197047,42,67481.53928436982,B16C
96,B,0.9582856281444737,8,D,0.1093208519866512,10,A,0.9988919631983497,1,67463.4358561389,B16C
92,B,0.9246009904217126,60,A,0.40929602852600466,3,B,0.6806411394056382,29,67361.45004661793,B16C
57,D,0.5183981907879688,10,B,0.41425209304157085,45,D,0.806240910714474,29,67357.59120562414,B16C
2,E,0.6992747953353902,32,B,0.6682210878849604,54,B,0.047548770736504875,53,67244.75338832213,B16C
89,E,0.9471096141455893,66,D,0.45786008403696454,27,C,0.7899262477501527,55,67225.14253868547,B16C
14,A,0.23756584338348485,38,A,0.644997644539515,14,D,0.5321182222463141,19,67202.70578133629,B16C
3,E,0.796399988770646,0,B,0.038515592306683555,29,D,0.44586894209155725,72,67188.2202639345,B16C
16,B,0.25481762364438143,18,C,0.1762995986912994,14,A,0.12588943406002895,35,67172.34138006951,B16C
14,B,0.5714485657480787,71,B,0.9857603424523242,31,D,0.4137469045732455,86,67144.08223040613,B16C
24,A,0.9206884411696955,47,C,0.2429235568268472,69,B,0.17947569070933522,36,67131.99478832944,B16C
52,E,0.6486830449042336,40,E,0.6897063280925747,56,B,0.6733782483249342,78,67120.23230428371,B16C
43,B,0.5437773088398854,96,A,0.22736215829340412,57,D,0.2432682879288014,50,67064.48712073846,B16C
9,A,0.5599404390366763,63,B,0.4814854138077054,77,A,0.17034558339886485,77,67031.48202887633,B16C
26,C,0.4715870664591526,29,C,0.65287315745739,0,E,0.8024880392708865,71,66996.31221199132,B16C
86,A,0.5332210023081314,58,D,0.8955783398405192,12,D,0.01728839071318722,68,66958.82451823218,B16C
39,A,0.7555707030995242,86,E,0.696448461207293,75,C,0.2701548882638084,6,66931.38385764122,B16C
10,C,0.6113307533028527,59,E,0.3383162873975524,99,B,0.7683987019292634,57,66801.75141765576,B16C
8,E,0.9232258784862326,78,E,0.2507099472414258,84,B,0.8729774508998152,28,66687.54049790229,B16C
16,B,0.6067476903255307,25,C,0.8535269467890646,17,B,0.09040283757930234,81,66648.0401968967,B16C
57,C,0.41325100323327635,26,A,0.8566101550765934,96,E,0.4625046658357518,82,66536.34704418774,B16C
91,E,0.9162338333132151,29,C,0.11434324193967682,8,A,0.03292999631956017,85,66346.31516694081,B16C
65,E,0.7426342828675209,79,B,0.3842315256268739,87,D,0.8511891287399997,0,66334.37169142885,B16C
2,B,0.9666499966821125,59,A,0.836138473935858,64,B,0.38284893160960853,10,66330.89479223684,B16C
97,D,0.6295673951687717,85,C,0.4833893276056237,91,C,0.5897652964409968,74,66280.50459540403,B16C
95,E,0.33671659728009506,16,A,0.9114977934554581,71,B,0.9446650638195561,61,66236.89100353059,B16C
48,A,0.1385474424446943,43,C,0.06032271117801413,29,C,0.434129723862405,11,66226.77941591926,B16C
62,A,0.6501635325176437,62,D,0.05388871421255548,17,C,0.015146137231442425,53,66214.51403462717,B16C
84,A,0.08928589891793581,2,B,0.7303273105093909,54,C,0.5123309377442603,22,66068.40532793557,B16C
24,D,0.6063794785740337,19,B,0.2817884528002379,97,B,0.2851065414207937,52,66031.68001132822,B16C
32,C,0.4731650482340716,44,E,0.18281370887613912,46,B,0.04266110233556686,52,66017.37073029584,B16C
41,B,0.537959631644099,76,A,0.663808834303416,94,D,0.2897424443809963,57,65997.0958877585,B16C
91,B,0.3561391620149682,77,C,0.6527105852626278,85,C,0.48571561283404463,17,65997.09285497983,B16C
52,B,0.8264993623010078,5,C,0.04107216152698079,58,C,0.10771683678860311,60,65995.56510335224,B16C
71,C,0.05997927219151644,86,D,0.3850577345418712,43,A,0.18986428685465406,15,65972.19216194446,B16C
99,A,0.10561704526173599,39,E,0.12888288661064984,70,E,0.745599502587048,44,65948.70158456128,B16C
19,C,0.08539769213508108,82,B,0.36970537749170473,26,E,0.0992650505691971,91,65899.90471870436,B16C
16,B,0.9372620447778404,99,B,0.4843547016086196,23,C,0.7777403819938509,29,65896.99008858958,B16C
68,B,0.8811700884741743,2,C,0.1275462184988988,19,D,0.5608011815260024,84,65878.73438152368,B16C
72,B,0.7785818487206433,13,E,0.016904254034797117,64,C,0.377566186755942,45,65790.06643869149,B16C
87,D,0.8172942615886548,90,D,0.2608529359715447,56,B,0.5765253961775413,56,65768.10143640102,B16C
58,B,0.8049885589761221,21,C,0.6414195130842409,14,D,0.6174818182363937,6,65740.73140134156,B16C
7,C,0.7935212646403246,65,D,0.5905096872577219,53,E,0.15224486476990418,9,65706.68172982553,B16C
21,D,0.3164745316378583,46,C,0.818365801537962,28,E,0.5198463415299011,55,65695.58717796962,B16C
48,B,0.2607913855244549,82,E,0.686941605344729,46,A,0.25209291655706756,64,65661.86982649071,B16C
56,B,0.11771819908262737,21,B,0.6227800876262359,29,D,0.8953649150583347,85,65601.19672157013,B16C
28,C,0.9424578385332962,0,E,0.7867160023533691,1,C,0.22739952687216092,16,65553.6488141968,B16C
74,B,0.6334320312819601,57,E,0.1723352983524531,88,D,0.6385103296144475,82,65523.55552878541,B16C
37,B,0.6105374273067323,89,B,0.946118877771917,27,C,0.23483690888386877,91,65497.21557349809,B16C
35,C,0.06944782605440092,39,E,0.49564896916515044,19,C,0.36013777314507056,30,65485.48334368839,B16C
91,A,0.5494744796854908,98,C,0.46878581073414693,9,C,0.621423222473238,48,65476.37954228853,B16C
34,B,0.9934835217062494,80,A,0.5494921924477763,35,B,0.11007978013576702,56,65447.32834095112,B16C
3,D,0.13635379511075751,82,E,0.8326322735337919,42,A,0.5482743215433141,0,65444.367398845556,B16C
88,E,0.47822211488311783,52,A,0.8208557313740468,85,A,0.3305132207324504,20,65437.65224340971,B16C
85,A,0.6963758498705658,19,D,0.3855594250002493,14,D,0.8361543253914008,91,65412.46260300456,B16C
73,E,0.8300653721957794,24,D,0.23470722236045405,78,E,0.2853390540826978,21,65359.645607988066,B16C
82,E,0.11042763646333309,53,E,0.606411890534753,44,A,0.13560514714665217,95,65339.16074652466,B16C
44,E,0.14900854341165115,70,D,0.8231147217565339,43,E,0.9877643491141077,31,65293.179859782365,B16C
55,D,0.18108070230794104,5,B,0.019576981030278606,72,A,0.4865042728662444,93,65228.62782764154,B16C
10,E,0.6955851743035442,25,A,0.35864101215334554,82,A,0.5388267592294684,71,65196.76122291219,B16C
53,C,0.30386146398872205,56,E,0.016597182834976354,95,E,0.9673759386810711,38,65120.24396294262,B16C
31,E,0.5424101286783086,57,E,0.2096071805156613,63,D,0.6774647760704352,42,65088.421409265284,B16C
48,C,0.2476868784466013,54,E,0.14221221306296916,21,A,0.6298055982244036,11,65071.13132747848,B16C
15,E,0.3957506052859877,99,B,0.23644143538925677,29,E,0.8964107553091025,30,65058.15937333253,B16C
16,D,0.1142946811423835,31,D,0.3827323861339095,74,C,0.06953057612414115,98,65050.029708344344,B16C
97,A,0.6878521850421537,50,B,0.7795116392775024,19,A,0.38723029790477137,94,65013.54211864494,B16C
56,C,0.44114359936907654,65,B,0.9178119365000521,80,A,0.018003183535757694,12,64984.36814321183,B16C
31,C,0.5381056585592319,62,A,0.7779455373790012,87,E,0.2562499219098139,25,64851.63753971532,B16C
62,D,0.21544398711178914,67,D,0.048087936291525746,83,D,0.5361165286604228,63,64838.41108107362,B16C
57,A,0.2558230250480419,28,A,0.5643238285561115,70,D,0.8210111007883965,71,64734.74640258861,B16C
60,C,0.25435953880638185,29,B,0.2912934727081582,16,C,0.9709067318565966,49,64731.96688999227,B16C
19,E,0.5182268934748777,17,D,0.2526093218053628,68,D,0.875395946806438,90,64724.071535991374,B16C
14,B,0.3557607149943026,42,E,0.6701268872155491,31,B,0.14082237142510357,72,64654.32291017452,B16C
60,A,0.6203388640619995,85,A,0.33496903493299546,83,A,0.17827409112723402,61,64645.956600217316,B16C
61,D,0.46619103632893844,24,D,0.7930460987215647,20,A,0.9636727141315075,89,64594.760444143874,B16C
87,B,0.4204289561404514,85,D,0.9643090562840883,35,D,0.10505950625502414,8,64570.113894265596,B16C
86,E,0.8922798858564818,93,E,0.33622478079765095,40,C,0.09851726297308983,22,64522.56415383432,B16C
37,B,0.4729159709784576,92,B,0.7424695985083369,54,A,0.04717390506861696,49,64501.734381927556,B16C
12,C,0.3136609091756686,60,E,0.25490091204083154,80,A,0.7880274203907581,64,64482.916437688895,B16C
77,D,0.6615820213755933,32,E,0.4034270240488852,1,E,0.5759077359619822,98,64476.476550902546,B16C
49,C,0.10343516664876229,57,E,0.6503007884363577,26,D,0.8357176197960241,91,64425.72567973002,B16C
42,B,0.5954554827078453,10,A,0.07535434139725428,79,D,0.3194943333646497,68,64422.568313977914,B16C
3,B,0.7411070416296808,41,E,0.9097413978411302,40,E,0.8648273676096885,43,64415.342872309906,B16C
9,B,0.4577140514982325,29,A,0.27116369095403714,56,E,0.2922941961065526,50,64371.41886588314,B16C
92,D,0.7492753368241044,30,C,0.38089835239108294,42,A,0.09482991424357867,49,64337.27139726727,B16C
30,B,0.4242372452952734,16,D,0.713740148203268,69,A,0.22490151938230674,39,64314.65174621834,B16C
70,C,0.8514350378574748,9,B,0.7580396351217694,94,D,0.44106561791226007,2,64296.758959452105,B16C
21,A,0.06722863557081049,50,C,0.34762318587393404,70,D,0.498485947081172,59,64289.7979394705,B16C
15,B,0.16108424691711154,24,B,0.5906763448059532,23,C,0.6006832308821931,19,64210.804882101016,B16C
30,C,0.18194140174843365,45,D,0.967068834026938,84,D,0.22382646026323927,22,64199.510198127326,B16C
44,C,0.30277359235669243,75,C,0.42952629419008004,31,B,0.46263495788875353,83,64198.972735428746,B16C
64,E,0.5823316222340089,40,A,0.01399872163024718,23,C,0.3985204129926908,63,64193.550217810014,B16C
52,E,0.8074987316566608,43,D,0.5133966911948447,55,B,0.5336743645135117,51,64185.46424171677,B16C
29,E,0.8710142873937492,94,E,0.7250254232538752,4,C,0.884784025866664,57,64170.588638057205,B16C
57,B,0.14542285909543984,8,B,0.7023099111991377,66,B,0.9760046285323771,8,64088.25224206122,B16C
16,B,0.6672596459823491,98,D,0.23874395730564557,75,E,0.5886236642753964,47,64085.60596931247,B16C
43,C,0.893520754589041,95,A,0.12406937574688226,9,C,0.5388566642467874,35,64054.57147803255,B16C
0,E,0.4733541793328011,41,B,0.45239701922114905,65,A,0.5659993744712066,55,64046.58613124536,B16C
25,D,0.6884093364557076,68,C,0.3764393367977025,55,C,0.5406771412477864,81,64032.651052602625,B16C
36,D,0.7307623018532994,44,D,0.05189407794889689,35,A,0.546904970873308,57,63894.003915714435,B16C
66,C,0.7101716074030013,52,B,0.6455006280078539,32,A,0.8048765095890777,95,63868.94520187094,B16C
56,B,0.5801877633045324,59,B,0.49894893103261306,35,C,0.7341643057962399,86,63868.28038780068,B16C
48,A,0.014367359183389605,97,E,0.641652930378291,12,E,0.3327061081562782,58,63860.62454373721,B16C
83,D,0.947562639960059,77,C,0.3133892076392789,72,A,0.7515541885546558,92,63797.08816500205,B16C
7,B,0.66526292432246,93,E,0.37633367323025013,36,A,0.4048697319847483,89,63792.83824483356,B16C
81,C,0.2694384907480917,43,C,0.7917983307836264,53,E,0.07068424259193229,95,63767.63729212405,B16C
81,E,0.05097206881888994,73,D,0.4520549039010393,9,A,0.831383815868042,7,63766.90171316282,B16C
46,C,0.20833285748853603,58,C,0.6913514576050841,46,B,0.504586409539346,7,63744.238764811074,B16C
0,B,0.316537731334959,45,E,0.3569598755063932,20,B,0.5927069608195618,75,63735.332373722005,B16C
47,B,0.7929822357248377,62,A,0.387095314561826,31,C,0.31351884122019824,14,63682.52848840263,B16C
94,B,0.7876011464616444,20,E,0.053833699349009834,28,A,0.09074094225619789,24,63658.429796433804,B16C
89,B,0.9459278612960758,32,D,0.0019241768830643435,19,E,0.9136437288252001,39,63644.73784458824,B16C
18,A,0.9142087896808119,98,A,0.18560554577562205,2,D,0.14581579125731814,28,63637.407467027224,B16C
20,B,0.15110015917459863,56,C,0.290073737895026,50,D,0.30592152257775584,58,63530.4979191789,B16C
63,C,0.16770277598972694,10,E,0.025879528803503304,18,D,0.5905214487053608,10,63519.46586557027,B16C
69,E,0.9268485431626762,29,D,0.7298104977972278,12,E,0.6278000329317556,72,63489.336552377885,B16C
32,D,0.23991791885452485,89,B,0.12729807431869578,50,A,0.42681327131661695,83,63475.53375937764,B16C
97,E,0.9095385699133887,59,C,0.9561055272406507,66,D,0.3885816530866384,62,63387.53271662888,B16C
77,E,0.3379960313119229,62,A,0.2572489444186017,47,E,0.6199224069906447,20,63374.57132813071,B16C
79,C,0.41887322669535243,26,D,0.7116955497571892,58,C,0.2203597628273748,45,63355.71263965948,B16C
63,C,0.21941563855690382,77,C,0.9379289547711916,8,D,0.5975880235625632,0,63349.89921591517,B16C
11,E,0.6282932284815527,42,B,0.5510384502187822,53,A,0.8912465387146744,68,63349.03625379427,B16C
82,E,0.24773616403511578,5,D,0.7900436169083593,59,C,0.17889230528013345,77,63329.05359836666,B16C
38,B,0.9658244244416323,27,A,0.49630420105481055,73,A,0.21456945588660914,5,63324.711777510325,B16C
47,B,0.7112071607340226,76,E,0.3768808345397897,40,D,0.041316395167162456,24,63295.79011600847,B16C
2,E,0.5420419845539489,4,E,0.24330967994821284,97,E,0.08183752680265921,12,63294.50526109194,B16C
43,E,0.6475189872990458,5,C,0.4169168484654515,54,E,0.19046582788915334,13,63278.14866728867,B16C
7,D,0.16210935543020144,85,B,0.048983838546527436,53,E,0.37869668578381044,58,63266.45275861329,B16C
10,A,0.8792686260864679,61,C,0.03129752704595112,21,D,0.7334590483822618,63,63254.06382777667,B16C
80,A,0.07331645212076543,27,B,0.39228921061332866,99,A,0.43823412382057525,56,63240.0390892884,B16C
91,D,0.1899965092022845,92,A,0.03291003976710016,43,E,0.6488030753959874,95,63232.31470394163,B16C
2,B,0.7529485996631107,71,C,0.7823210660781421,27,A,0.7781290304642634,25,63201.30864376422,B16C
17,D,0.31930032032675715,70,A,0.7415092599148535,23,C,0.5938637092780872,13,63194.44014281321,B16C
54,E,0.44574862306807217,20,C,0.6553632525265715,12,E,0.08671369956021735,48,63186.28012916826,B16C
3,C,0.7676060194582317,90,E,0.6337961430561173,25,A,0.30974856628882363,35,63179.38869733836,B16C
27,A,0.07028761402991868,14,E,0.9962259659715483,55,A,0.5224146422290782,75,63178.10576287831,B16C
42,E,0.05802962709428072,39,C,0.0007274650717691289,14,E,0.35978655112615654,57,63172.35060067197,B16C
20,E,0.9867899455700829,78,C,0.6945191246504664,76,B,0.9426338313999593,92,63158.183335804206,B16C
17,E,0.4307854685287673,92,B,0.022567186746964563,12,C,0.84850810809932,27,63142.55242259196,B16C
71,B,0.04308421615686431,23,B,0.5207702281913356,37,A,0.43188640958033253,16,63137.25159540711,B16C
34,C,0.3718009977172879,72,E,0.4303080431957297,34,C,0.14324815546973346,52,63134.3222823346,B16C
6,B,0.11473596126091468,52,B,0.33373530400703,86,E,0.07271599148777763,49,63123.15997908665,B16C
69,A,0.573297370086664,31,A,0.9721213096073998,14,B,0.12251435240385311,74,63103.981216339045,B16C
44,B,0.9656358287081145,79,A,0.051300087594203014,41,A,0.7170581251923094,34,63074.40550957959,B16C
1,A,0.033844370833002846,6,E,0.4614719558947551,31,D,0.856931414811984,22,63027.515315466226,B16C
45,E,0.23523457997064656,57,D,0.32775260539455076,89,D,0.7613679053506286,46,63020.10909924436,B16C
22,B,0.6515926064807247,18,D,0.22714860426811345,24,E,0.12430826191129729,18,63018.34395191492,B16C
53,D,0.9687660395681933,20,E,0.4704213501219393,88,D,0.7299888563804402,18,63009.52180804375,B16C
19,D,0.36177753443873406,9,E,0.11830142125621324,62,D,0.9635960426817225,13,63005.47798934938,B16C
89,C,0.03219642208733686,53,A,0.1752758608978604,31,A,0.15156595803891315,12,62995.7550528057,B16C
65,D,0.15386296945383704,28,A,0.6311574469133694,65,D,0.38605579806917334,83,62945.08125104006,B16C
17,C,0.5590612877652517,8,A,0.3973778305829402,93,E,0.8544033983185264,40,62923.11913596437,B16C
60,B,0.6113700565595732,83,D,0.9133427337646761,66,C,0.8689131970224486,77,62909.874328965016,B16C
93,E,0.20292588570198822,17,C,0.07370717719159192,80,B,0.889158872664231,37,62878.85454081523,B16C
42,B,0.9110851315740486,99,D,0.6344226176560901,23,A,0.2705872046339892,92,62759.59527440815,B16C
40,E,0.3282061685714224,46,B,0.2550944331986341,15,A,0.07018153006372063,64,62755.238001693404,B16C
38,C,0.009222273587226937,33,E,0.09453955461377006,75,D,0.8218640558900577,18,62697.664742922716,B16C
91,D,0.6712280778566702,91,B,0.995500629338827,36,B,0.6914416917188727,60,62664.255048194595,B16C
37,C,0.5132935824594983,98,E,0.9437746756103707,47,E,0.7408696665320537,96,62651.548483876046,B16C
45,C,0.9117745470241428,69,E,0.28934260625453945,78,D,0.3601607549354584,34,62645.22255615964,B16C
96,D,0.44504528331486537,73,B,0.6189027844561924,27,C,0.5911941441266417,81,62613.09165578814,B16C
30,A,0.64403927252641,87,A,0.7576710091182217,35,E,0.4167485849112248,24,62605.707312359766,B16C
75,A,0.7413949722797497,7,A,0.6230962887319266,57,E,0.8307459855058849,96,62539.6102346948,B16C
11,B,0.672434401962343,28,D,0.78554556586246,94,D,0.02003815862086733,48,62490.32708783033,B16C
35,A,0.6631287382441872,93,E,0.8129593958977555,21,C,0.7821710627701225,16,62470.906131680116,B16C
98,D,0.8566982231275688,83,C,0.9929468497598719,46,B,0.13038318808710125,26,62467.46760397558,B16C
27,C,0.07644400895028247,78,B,0.16427542551788155,73,B,0.684571553188297,79,62436.442870030376,B16C
0,E,0.7252003965957537,17,E,0.4581277239804552,48,D,0.7418724080993608,34,62429.4027550755,B16C
57,A,0.444385026638056,16,B,0.7887027791070517,51,E,0.14647376737164708,69,62417.51903894719,B16C
78,C,0.6090661692544983,16,C,0.7184521017486318,72,B,0.5277364499400188,24,62401.494238966065,B16C
17,B,0.21903836164205848,69,A,0.47825038869165826,64,C,0.8822832480512579,31,62387.432274348976,B16C
74,D,0.3931770315876004,29,D,0.204179891363218,1,C,0.8947911551443155,51,62368.0674401696,B16C
42,B,0.11909433018675497,4,D,0.2582776397195269,96,E,0.7072302179572338,64,62331.372469945585,B16C
63,A,0.41860361738396823,65,B,0.3157968911878135,20,E,0.7987854708761457,26,62331.25261300529,B16C
26,D,0.6005462390010362,86,C,0.8852897403508766,89,C,0.0788143840640756,13,62297.37677265436,B16C
57,C,0.6836725217395068,31,C,0.10343110414574519,53,A,0.13434936229674455,97,62284.46617012216,B16C
35,A,0.3908335492672218,13,E,0.8943601892269523,54,A,0.15886193477135602,64,62268.70565846448,B16C
96,A,0.8756533876745859,9,E,0.4557661453650794,81,C,0.7807163131767951,57,62262.54400399757,B16C
65,D,0.7713801887202277,25,B,0.027322957284606764,59,E,0.8089615824889931,42,62260.792884160415,B16C
98,E,0.26083108002500877,0,E,0.6979505425072526,27,D,0.47599324924540565,67,62247.25472525898,B16C
45,B,0.8176993118476059,97,A,0.7267616036853869,68,B,0.3910192017823302,70,62243.634470068544,B16C
21,D,0.9146909247082321,57,B,0.49653211364855165,46,A,0.6864252054507757,67,62230.62760574158,B16C
16,B,0.8958838370675472,35,C,0.9241891260190152,51,D,0.9107649988387525,23,62203.0547759247,B16C
16,C,0.8959344962919021,31,C,0.782658247295111,28,D,0.04258087527660481,74,62141.40466752436,B16C
52,D,0.6302381571061616,6,D,0.2426566515933084,58,D,0.25422078980813856,36,62126.7949472234,B16C
50,C,0.26348337714290304,40,E,0.6232449421369398,42,B,0.9375155224406574,8,62097.43139624375,B16C
81,A,0.3021910269280519,65,E,0.47892155717295837,17,D,0.7412010385838265,37,62087.25010107053,B16C
62,D,0.757812031892116,83,C,0.2931356035176327,9,C,0.6169449595305447,77,62082.55211495901,B16C
13,C,0.07484282147140509,44,D,0.10343026614625306,83,E,0.29255304333160426,83,62079.36381251547,B16C
2,D,0.9057720957855263,8,B,0.560904206736423,53,C,0.5728085801661565,17,62077.25446818526,B16C
55,A,0.5386699596854331,17,E,0.4532425984817723,35,E,0.7849408940633942,56,62068.962473627646,B16C
44,E,0.8084022997975612,73,B,0.3361063273756265,52,C,0.38104555641165005,59,62017.3203367658,B16C
7,E,0.6045626646042376,63,C,0.2750975119748905,37,C,0.3109123712700944,96,62009.710520523055,B16C
65,E,0.6532902447594835,37,E,0.47402511305727,3,B,0.3487692306192136,48,62007.75860714003,B16C
99,C,0.07153882189037641,9,E,0.7373061619762787,81,A,0.14560612881076818,42,61964.40570912599,B16C
25,E,0.7800609232181682,29,D,0.19836879119400275,78,C,0.6305586694939103,26,61935.62665388404,B16C
5,B,0.42600507941634425,73,D,0.6501081899729798,58,E,0.9208379198842983,2,61926.17861236438,B16C
27,A,0.28692451375669015,86,A,0.8728724638255291,96,B,0.9951126764685372,26,61922.95950737149,B16C
85,E,0.3841601830924817,58,D,0.6979682632449585,16,D,0.42260793607617086,52,61916.023313555546,B16C
55,D,0.34886209677027313,46,B,0.1883512827914804,9,B,0.05441641807711983,44,61897.66814887732,B16C
79,C,0.04734997732683943,28,A,0.6884811365640493,65,E,0.019912329883577606,89,61897.01467458652,B16C
42,D,0.7655882376436816,51,C,0.8353125681895632,12,C,0.35078058204530416,16,61886.35039995832,B16C
18,D,0.8013122648554728,47,B,0.37917093885588093,20,B,0.7260443629471418,4,61866.44907421779,B16C
27,D,0.5690731955900737,17,A,0.3944794513490457,50,C,0.8289188325553815,44,61816.30232982586,B16C
96,C,0.13879047235096975,36,A,0.9097922905449106,11,D,0.4607606846614418,43,61815.42623862774,B16C
4,A,0.71983846135049,25,D,0.6878245280715231,81,D,0.11291739117486532,51,61804.03892898331,B16C
50,D,0.31401471024483485,72,D,0.5274540476799697,59,B,0.7432968902773425,68,61746.121734085405,B16C
47,D,0.503204670074964,36,C,0.28497224979840574,84,E,0.7166863379110326,97,61744.259150653525,B16C
80,E,0.04486746306259981,17,A,0.2914117190235471,84,C,0.9703984833089404,58,61735.84154690188,B16C
16,B,0.4067423871913114,17,E,0.9799721792479663,15,E,0.028368591965683976,55,61729.56071746614,B16C
91,A,0.35446162029588657,3,E,0.13811317913449117,6,E,0.3748371871207484,42,61716.68707752135,B16C
79,B,0.36282872472687355,29,B,0.8264062847802324,22,D,0.7983507642811442,55,61714.12710852458,B16C
5,E,0.3273455413990166,19,D,0.5583035167299095,31,C,0.9496855278207114,21,61708.55433544314,B16C
87,B,0.43261493287204567,61,A,0.6109832091259206,25,B,0.7104159993820556,70,61705.22735135986,B16C
92,E,0.582009280881913,2,C,0.8103963156930589,81,B,0.5691796046171994,59,61698.977267346294,B16C
55,C,0.28096105317302156,25,E,0.7914962726227429,11,C,0.9287284185823506,18,61636.03405295295,B16C
18,E,0.6797086292790951,31,D,0.9987635654445128,40,A,0.7023118937251868,99,61621.119859138635,B16C
19,E,0.01200916308426414,85,E,0.8732025412238332,25,D,0.09929411260959065,92,61579.70418192591,B16C
3,B,0.6180906231649904,93,E,0.8940720803034152,86,E,0.9809746115823699,1,61548.659209147154,B16C
44,B,0.39106887915141986,94,C,0.41140192961650435,55,D,0.08585809396551392,86,61519.94337744573,B16C
53,C,0.7077603058254037,16,C,0.9838086177856292,83,C,0.2795742861949746,45,61493.24708853304,B16C
32,A,0.532351126517139,88,E,0.35427977075372497,39,B,0.781257596892743,71,61481.09081115089,B16C
53,D,0.9907239105537778,53,A,0.7015005527537481,25,A,0.5673789977078711,82,61477.259407249716,B16C
3,B,0.9436870866467165,84,E,0.7823217183378007,96,D,0.6896017983506721,76,61460.91915864387,B16C
73,D,0.609620283798881,99,D,0.314953022933665,80,E,0.20246455034858224,3,61454.94678719406,B16C
88,E,0.8993665289209269,14,A,0.36234202921337,23,A,0.5306368903445356,66,61431.92092563684,B16C
54,C,0.03748594712534026,74,C,0.07539725275349596,96,A,0.2834860877042754,29,61422.676334461634,B16C
47,B,0.8826056237288415,15,D,0.020494788720483825,83,E,0.06378576343232589,52,61418.203672257165,B16C
0,D,0.4298519782898518,90,B,0.42971016411778307,10,B,0.9623494970407309,81,61411.3683190542,B16C
16,B,0.5928120653514998,64,D,0.377609835883574,41,B,0.7221371784026575,44,61406.14331147184,B16C
45,C,0.5012404774253533,37,D,0.882941429039696,16,E,0.2540530871186176,85,61386.40294147273,B16C
44,C,0.9364464228117573,82,D,0.8929193350046786,38,D,0.6048741293313153,93,61379.79350591775,B16C
14,E,0.8281085092683075,82,A,0.12209762290148962,83,E,0.13820667198300285,91,61377.15644536652,B16C
5,E,0.3449047949941023,71,C,0.7159519799542376,63,B,0.7452162776156523,87,61373.80910953594,B16C
0,C,0.9950517532750057,63,A,0.8558403438731614,8,D,0.34243895368408506,22,61357.476779830344,B16C
46,C,0.3076922436530731,69,A,0.32735516899399575,36,A,0.7390625237018742,81,61354.29357689546,B16C
91,E,0.6444523641647398,17,C,0.714145221039661,49,A,0.32438800268710855,24,61346.610925033856,B16C
78,D,0.11890301767799338,97,C,0.1985986157839137,33,B,0.7261212512835015,52,61339.9675660183,B16C
92,D,0.8317211254931858,34,D,0.0692604763302529,7,A,0.7268257755570239,16,61284.21629549273,B16C
90,E,0.6817284370551343,4,E,0.7912382250997723,9,C,0.13582267738547682,8,61254.3168890007,B16C
63,B,0.405225782929334,73,A,0.4926544855101318,0,D,0.05109535765294282,24,61241.69782363309,B16C
97,A,0.6016357358233364,63,E,0.5996555344206397,55,C,0.31317463490691955,91,61223.06229399225,B16C
54,B,0.660117096125154,25,B,0.9022023231668159,85,C,0.8030264755663209,98,61173.05894529412,B16C
87,B,0.46712309269313945,81,A,0.4785145895827162,2,E,0.36075042547508007,15,61152.64707831071,B16C
41,E,0.18517593884505912,42,B,0.7961390745622716,55,A,0.6790625986271109,9,61151.14682620685,B16C
10,C,0.6837648247778044,26,B,0.04479696751543216,4,B,0.28343225890538004,96,61133.84207871006,B16C
52,C,0.46325660439450267,24,D,0.3600196140898184,92,D,0.3946683804234553,4,61110.579970887426,B16C
43,D,0.22722069409991053,91,C,0.9997971128119623,30,D,0.582308108953288,5,61093.75040687417,B16C
74,E,0.2156631598174139,60,B,0.574710979927708,3,A,0.7247115157685488,87,61093.09260762944,B16C
87,D,0.7700304687015165,48,C,0.3083398629297077,79,B,0.529175762658921,94,61073.76887842765,B16C
71,E,0.49326443410510645,17,B,0.6658635020838439,31,A,0.9724488341223395,21,61060.152888765966,B16C
18,D,0.930965115016544,91,E,0.3920088418494072,96,C,0.9517928597307516,15,61038.432805745324,B16C
44,C,0.6862250031859937,70,C,0.6350599800633107,23,E,0.1415325017560538,15,61019.87528371754,B16C
75,D,0.5647286003989948,34,C,0.324874135800422,55,E,0.7968828840523462,96,60954.58094678611,B16C
19,D,0.634048376436365,46,A,0.40897886256521343,89,B,0.4059289636462212,93,60946.90592802428,B16C
75,C,0.8620064722685882,78,C,0.6636825901989144,54,C,0.9878936040816121,56,60939.81241229967,B16C
6,B,0.5754752778863649,65,D,0.7787696375915263,3,E,0.2456646652813097,60,60917.72150275099,B16C
18,B,0.5390901450222475,29,D,0.4703986080842383,5,E,0.026806391200702717,71,60906.65781845215,B16C
15,C,0.29714931868899164,17,A,0.40416925168776907,27,A,0.6521953481916019,37,60896.083712373715,B16C
4,E,0.48752757040499983,1,A,0.5210643698162384,38,A,0.36418664913562826,96,60877.723858088866,B16C
51,B,0.0982088890488636,29,A,0.2200574071721435,46,E,0.4416305008496224,63,60876.14446502624,B16C
32,C,0.5189812535232787,47,A,0.09817604917705935,28,A,0.7100796140678752,61,60862.07004353654,B16C
41,C,0.9530677862704583,57,B,0.8764995684121752,87,E,0.28264355340141867,15,60860.360231347135,B16C
75,C,0.4633834858663197,41,B,0.38712565570171986,34,B,0.9344998699648972,22,60847.287484876695,B16C
53,E,0.10241312312679851,45,C,0.12135002553279117,19,D,0.13210772225683298,53,60825.97990905834,B16C
42,E,0.23684003686940946,55,E,0.8833420087804066,7,E,0.5301632739043748,96,60813.573344024946,B16C
61,B,0.05278335051569116,59,C,0.24279098802664,49,A,0.3842165202306922,45,60813.43174865046,B16C
14,A,0.75911909558426,11,B,0.3607524170196005,15,C,0.3717679249556919,29,60738.77189871829,B16C
27,D,0.938431815412743,71,D,0.18144719724946545,76,B,0.8258929309854849,45,60735.562022151906,B16C
25,B,0.7597861212004047,67,E,0.6269681612612399,39,A,0.13470104333526367,64,60700.41489361841,B16C
5,B,0.23145317131964038,41,E,0.13533981400838924,96,B,0.08239686889686604,38,60680.94976508955,B16C
58,C,0.7930127248793652,56,D,0.9830815423027855,92,C,0.3376069915192076,54,60670.3940371401,B16C
86,D,0.04541015608370369,60,B,0.6823542265609349,79,C,0.9653744363851433,55,60664.64856864289,B16C
47,E,0.6024352555904404,31,B,0.5042155426974658,32,A,0.7430160700801279,66,60660.430710068365,B16C
68,D,0.135070356305934,79,B,0.01969979933801158,93,A,0.18900366552060455,49,60645.56843941043,B16C
76,A,0.6777365995807832,9,B,0.9928381418095771,40,B,0.6946430769738022,61,60610.84639755852,B16C
49,C,0.9151937114245665,51,D,0.3683956549472598,50,A,0.4705462318647263,65,60588.12392025041,B16C
42,C,0.7915410063332002,93,E,0.6657850469450207,96,E,0.34789162977885746,31,60581.565640978646,B16C
46,C,0.7752113172341712,75,D,0.8636330066848936,54,D,0.9248516124555237,90,60545.05412872203,B16C
48,A,0.15509427086070948,72,A,0.6996383182198953,79,A,0.5314716239068339,60,60474.46811076079,B16C
58,D,0.641711482284288,56,D,0.8681849846399952,98,A,0.5415119732513967,58,60467.41824951845,B16C
24,D,0.8287442657284769,37,C,0.933024643981102,88,D,0.2986849610525695,7,60461.382146644675,B16C
48,B,0.5916804195320016,17,E,0.33841631695326624,50,A,0.0752305502346241,64,60450.018461747706,B16C
17,D,0.16178858502363025,6,C,0.6024259108853152,34,C,0.8836174299471532,60,60434.96075067407,B16C
69,A,0.1014081462375308,74,D,0.3395137581038129,74,A,0.5319165664283612,97,60433.585769854806,B16C
14,B,0.9676641981464208,67,B,0.939124723774373,35,C,0.9878657786035819,31,60431.91013387831,B16C
8,E,0.18669429746141208,47,A,0.19812835496199332,13,E,0.12701261654684182,18,60429.60701104092,B16C
9,B,0.4239125874876323,32,A,0.3090682806348396,62,D,0.7771349355463758,41,60416.28889598166,B16C
3,B,0.13321859404012326,77,C,0.2177289615503234,25,E,0.20311100262741988,4,60358.07135228744,B16C
81,D,0.9033211052692545,29,D,0.5161890057877114,2,B,0.7063703349217948,20,60332.88287694656,B16C
57,E,0.9816094273320143,16,E,0.5797843859655131,35,A,0.14948637046353408,38,60324.708595119504,B16C
53,E,0.07547791442402896,80,E,0.20013755149746693,19,E,0.5675694868517948,39,60309.49922847818,B16C
59,E,0.1498162860461033,87,C,0.27188179494902376,30,B,0.1999058453436071,28,60288.588549271975,B16C
47,A,0.3315442036954014,1,B,0.8886687260967616,94,B,0.4240992759172939,90,60285.31029788227,B16C
19,B,0.04550423779029611,46,C,0.9322238378405713,38,B,0.7653548721730844,81,60250.65283741839,B16C
38,B,0.7575493571438894,69,A,0.5560022761223251,29,B,0.840083955221962,86,60236.57550239642,B16C
80,E,0.8741096277181507,86,B,0.6218576963643959,55,E,0.8133955560578191,11,60221.10245570688,B16C
19,B,0.2856586695828828,42,B,0.8313281279796214,10,D,0.8568237789874162,49,60213.036750269835,B16C
40,C,0.03075294050971633,72,E,0.062059450627749535,43,E,0.10840750885313977,43,60207.54348961385,B16C
61,E,0.6094151036580991,70,B,0.7542320915582748,32,E,0.5192931618447624,82,60183.779687388334,B16C
25,C,0.39160188092155546,4,B,0.7100969317040807,49,C,0.28566736636130396,58,60138.48307730361,B16C
62,C,0.9218884855854572,38,D,0.05741802659675721,88,B,0.11693141523225181,90,60122.057315471386,B16C
52,D,0.24756206688676552,83,C,0.4793211831888913,47,B,0.7112943666916648,69,60121.91816399156,B16C
22,C,0.24541059208746152,45,D,0.8660611816636423,25,D,0.951165348729867,82,60101.65526481113,B16C
20,C,0.8505221096049745,17,B,0.5489548920048772,18,A,0.08301593702150356,63,60083.76747570855,B16C
10,C,0.7509732596671058,47,B,0.3709937434158389,5,E,0.6097530487071474,66,60068.02795968711,B16C
50,E,0.19253481772377334,1,C,0.018628532683122367,32,B,0.29172998380693915,9,60043.400460168086,B16C
74,B,0.8590383695462995,31,B,0.5690867622524317,87,D,0.4516874328968764,50,60040.38823931611,B16C
74,B,0.24789697275087563,41,A,0.1621979837538151,33,D,0.9108004659626285,29,60012.55627526121,B16C
85,B,0.9315776530185765,56,B,0.4349301320567234,59,B,0.43911445958314343,12,59952.71357290773,B16C
26,B,0.006516315691875274,93,E,0.42818907279574214,75,E,0.5271806506222187,66,59938.48084007689,B16C
18,E,0.8320883176808307,9,A,0.18103181181671935,7,E,0.5377626824461089,15,59922.99494298722,B16C
58,A,0.6537325001261435,92,D,0.0795949336688404,79,D,0.6625411251474501,33,59911.02031672202,B16C
56,C,0.7264655537935313,93,B,0.21848544723972718,52,D,0.10379000383066517,9,59909.81340764704,B16C
39,D,0.998251790186256,43,A,0.39073447424494145,56,D,0.66038843885921,99,59908.5270661963,B16C
69,D,0.9892667452184176,72,A,0.5988105618035469,36,C,0.1256985553637704,40,59891.68345098145,B16C
44,E,0.35620293050970986,14,D,0.5829174999257406,12,A,0.7224903927904186,23,59883.07246027842,B16C
88,C,0.3107616953724214,68,E,0.6956776757133046,37,C,0.9732614213458426,54,59873.94345664205,B16C
11,C,0.2939165968905657,57,A,0.13659005789916057,56,B,0.7010226500949179,23,59864.32972315514,B16C
6,B,0.6685625255621098,8,C,0.5713426643642829,72,E,0.8211196403641169,96,59833.91948392438,B16C
87,C,0.6038953001447722,48,A,0.403515997917005,91,D,0.9973518258794984,94,59794.08905841292,B16C
18,E,0.23009079204003957,28,D,0.970140328898535,69,E,0.15959369289795433,72,59780.097097584614,B16C
22,A,0.3550947663631898,32,A,0.07300233973743575,91,C,0.05373578872971818,85,59764.369380309276,B16C
57,E,0.8339083739245192,1,B,0.8306440724614532,89,B,0.18595610469037227,58,59762.64143719787,B16C
80,D,0.8666569240289065,22,E,0.2408036511638708,68,B,0.9618052198709154,22,59740.54462952474,B16C
1,E,0.3799095448241203,57,B,0.48804125940036724,86,D,0.9514390047883414,52,59738.8618410864,B16C
71,C,0.24764611704565553,31,B,0.6038677779155065,18,C,0.23174968783433214,96,59715.06480023213,B16C
82,C,0.636641035358728,37,B,0.5408490511110972,55,C,0.6742757383605031,68,59708.93181165123,B16C
76,C,0.6744612834443735,47,B,0.32194203675825794,43,D,0.13857947325836095,65,59707.00969837043,B16C
91,C,0.410902058988588,91,A,0.044186361716020306,85,A,0.7890883447380216,11,59698.244466090226,B16C
42,C,0.3841765552044174,13,B,0.5541992097841075,56,E,0.3893856571022203,1,59691.34584770221,B16C
99,A,0.8922308599488715,83,B,0.16260560374667066,31,E,0.4440797173072206,49,59686.192732878226,B16C
94,B,0.20849447495426054,0,E,0.3577520503273558,91,E,0.46415438724473257,28,59662.58287728026,B16C
47,D,0.2826556527573446,81,B,0.5185022056673291,19,C,0.2516201622040495,87,59652.45109579906,B16C
10,C,0.21337190735486222,27,B,0.7457308512135404,43,A,0.0697302506219537,43,59644.87287068091,B16C
42,A,0.07193315148136581,81,E,0.87277755520538,16,C,0.49399996989742223,93,59625.78031244166,B16C
91,A,0.7186953871475389,51,A,0.5581261737339955,70,E,0.7282222669343105,22,59609.98943839462,B16C
26,E,0.6152941190885403,27,E,0.9066545820311765,8,D,0.992188814581423,28,59598.98526926323,B16C
58,D,0.06380474409793502,48,B,0.9822044033289491,42,C,0.2235717347882472,52,59576.118735214,B16C
71,C,0.7620099404776617,21,D,0.4814392204982513,18,A,0.6298015936230628,81,59536.26292629116,B16C
7,C,0.1455395313226463,33,C,0.9856522473721611,48,A,0.6994147107182129,43,59527.77422312506,B16C
12,C,0.7367216436264017,42,C,0.2818978539442536,86,E,0.8315422484030264,83,59524.643531854876,B16C
73,D,0.3810807706423057,47,D,0.6340698199866285,93,C,0.5496018693821493,35,59490.39226425726,B16C
46,B,0.4787022008507855,39,E,0.9546005138342144,43,D,0.06867907290784758,55,59479.40099457923,B16C
20,D,0.7464189397373387,35,D,0.8060394500382189,64,B,0.38441581502626276,38,59457.925825046856,B16C
65,C,0.06845316942604274,97,D,0.21354832124490053,97,B,0.07745414440303655,88,59425.41129700253,B16C
48,C,0.416826503924852,55,C,0.6358488798117063,11,E,0.0828504103829325,90,59425.39637615335,B16C
6,C,0.8444732675138475,57,A,0.260474848845503,24,A,0.7474858483953514,44,59411.84570465713,B16C
70,D,0.6507971417200795,73,B,0.570885203913896,76,E,0.7990546694056512,9,59402.38887677328,B16C
96,C,0.013025280312924381,27,A,0.8121223041333847,57,C,0.27535769519009423,50,59389.815142813444,B16C
14,C,0.40843667689205654,3,D,0.8775471981557196,45,B,0.48265394893715385,19,59387.161587597904,B16C
93,A,0.7363897900500447,45,C,0.03037838597005127,62,D,0.6212307464157539,37,59381.96291149326,B16C
90,A,0.05388684842716396,42,A,0.5626702779632082,56,E,0.1687011263154936,80,59378.815821746335,B16C
46,B,0.613370169761843,99,B,0.9363738407712493,9,E,0.9522421173730322,2,59322.82713611537,B16C
12,B,0.5954499314692966,51,E,0.5883001151396796,93,A,0.6635965652419512,73,59319.44265475741,B16C
45,D,0.09321147077486958,21,D,0.04728918225436918,40,A,0.12738575679471464,76,59305.780820706656,B16C
63,D,0.7212855485978258,43,A,0.3735965189136984,26,C,0.6725788883075845,6,59303.93387195398,B16C
36,B,0.002728744513015746,25,A,0.5324069357108697,11,A,0.7129842247204912,97,59303.33998087898,B16C
64,D,0.4338080365183268,60,B,0.18029673331756135,83,C,0.019237348358529194,12,59293.60286879608,B16C
41,C,0.8633061669779479,91,C,0.21300358187621737,50,A,0.94097886388748,1,59283.372441381085,B16C
12,B,0.07518058501402591,71,A,0.17042085075530022,21,D,0.38748657044918444,35,59283.02977240569,B16C
36,C,0.8554675291161055,71,A,0.13274492888576228,9,E,0.9090453225361039,98,59280.66892098877,B16C
33,C,0.10757870271386272,26,B,0.04851190189417953,21,D,0.03996761920917524,11,59252.94404582149,B16C
85,E,0.14592897959233309,67,C,0.23530680977434215,40,C,0.7723842333347591,54,59249.12863414362,B16C
82,B,0.36545415918827373,63,A,0.8805161707508264,64,B,0.008909452660077144,56,59239.38334067226,B16C
58,C,0.1437851730161922,45,A,0.728052743905545,40,A,0.8414999885565322,33,59212.924612515344,B16C
75,D,0.38669149463878805,80,E,0.4477225497215448,42,A,0.1954045352755338,63,59207.94650982277,B16C
97,C,0.03580929441773073,4,E,0.041003595989566155,82,D,0.6909341479816052,51,59199.62157103047,B16C
52,C,0.10953660497737128,42,D,0.18577246264277503,93,E,0.3060155322106729,14,59193.32140177114,B16C
40,C,0.3422818430319944,36,C,0.2003244104452433,17,D,0.6751158833063312,48,59160.9566876294,B16C
23,C,0.3299300208424748,57,A,0.15983574920420207,8,A,0.8210162920323661,71,59159.749349568534,B16C
11,A,0.8828853066451842,19,C,0.14436989053491067,43,B,0.2791160308658899,3,59111.45692494082,B16C
43,A,0.3334570205316473,32,A,0.062250412222387475,62,D,0.5038015729721517,30,59098.08284802833,B16C
7,E,0.7549268366376947,12,E,0.13508400997230496,61,B,0.07260712384847423,2,59094.16046331644,B16C
1,B,0.2906621213482635,86,E,0.2750907960262797,24,C,0.47013105676258604,98,59082.525881991634,B16C
93,E,0.9013176651635842,75,C,0.2919549869387694,29,A,0.8176534936674849,59,59081.69495880735,B16C
59,B,0.3671157673405353,44,C,0.3742451066849124,64,C,0.6784463237570509,58,59075.6966667206,B16C
24,E,0.06269563888638408,50,A,0.4728874144830637,35,D,0.19301377119327878,28,59060.651795237056,B16C
65,B,0.5413013162563218,54,B,0.5215959636826655,33,C,0.6454010577034739,24,59029.84894297969,B16C
22,D,0.02192642978892323,93,B,0.7157283697393596,2,D,0.169228201695091,80,59015.79407802153,B16C
26,D,0.34838806010205736,12,E,0.2414058665449179,81,E,0.06700774772280249,63,59013.53452394606,B16C
81,E,0.3799051886182262,91,D,0.17203314750087895,2,D,0.6960526529884028,58,59006.97259360907,B16C
71,B,0.9361469865985301,75,B,0.6690735315504771,7,D,0.8289228402567668,86,58995.63706605775,B16C
21,C,0.9077253431293427,6,E,0.5304442214738384,90,C,0.3838097597433485,74,58976.39391773241,B16C
34,A,0.9381831520445091,87,A,0.18166661210387935,4,D,0.6662475047064852,90,58967.05265583166,B16C
25,E,0.7066877084605435,7,B,0.16429475899142998,56,C,0.11027063095588441,32,58941.55667460732,B16C
82,D,0.017616507141107296,38,A,0.2828739892906347,68,A,0.14540657737161078,11,58937.911458363254,B16C
50,E,0.43765236472442226,84,C,0.2981948644659328,33,D,0.7962808938631863,77,58930.126773081676,B16C
40,D,0.12989282629875543,29,D,0.7438411005815054,37,B,0.46377558163211574,42,58924.47000906713,B16C
18,E,0.9539059994272854,66,A,0.1524678473552853,37,B,0.9615726847890749,51,58903.276991856306,B16C
44,E,0.689754640977749,7,B,0.40497183800136916,91,A,0.7352682025301956,17,58890.32496583364,B16C
6,D,0.4643348736103855,69,A,0.16828513561705438,82,E,0.08644851877310678,15,58890.14418433336,B16C
80,C,0.7251394025958332,70,C,0.3989966262399338,57,E,0.16694569861819153,15,58889.475747808305,B16C
20,B,0.8141788966373805,26,B,0.15196738936760312,73,B,0.08616700531945898,46,58853.62551297017,B16C
61,E,0.2773399179389394,62,E,0.43570607393959515,13,D,0.5493031465525254,4,58848.92268299192,B16C
32,B,0.5319710170643921,36,B,0.9291856337161614,73,E,0.7922760110362526,22,58844.54356606699,B16C
66,D,0.9835983288781539,70,E,0.8477026050376995,41,C,0.9680569265103341,64,58808.11325456467,B16C
62,C,0.9177956261106798,72,C,0.5796133947698028,34,C,0.8358329113838208,48,58786.97743545417,B16C
43,B,0.8145128796164033,13,E,0.847762385636098,15,A,0.1043132011207234,0,58783.68524908078,B16C
63,D,0.22885827582349705,91,D,0.4384964338785614,51,E,0.1681398661616964,94,58779.22819272547,B16C
25,C,0.33512426669622475,30,D,0.6769357192784566,48,D,0.20210880331197656,34,58767.1628025078,B16C
49,C,0.7920842965739525,85,C,0.45210830476984365,35,E,0.8462373113802765,42,58766.564484525756,B16C
21,D,0.037949730239870805,17,D,0.853373949469629,48,D,0.98809436198905,75,58743.56783123077,B16C
81,B,0.8099450091529028,90,E,0.24871317483108768,41,A,0.28742335297154475,57,58699.04704607381,B16C
9,C,0.17226481435578822,44,A,0.4624510754956477,77,A,0.2668141487415848,43,58669.52639689809,B16C
68,C,0.7889219324141032,60,B,0.5931106936140407,49,E,0.9339917871951645,27,58655.96023304052,B16C
80,A,0.7820463029629902,19,A,0.5574652312110355,80,E,0.20370996868493196,94,58637.13905161363,B16C
92,C,0.14104969024984015,86,A,0.6820389923383241,81,E,0.8436465540097741,68,58627.69802471965,B16C
3,B,0.6442881565277788,41,B,0.8955618811107435,14,B,0.16439257535675078,47,58587.199381782906,B16C
86,B,0.9709866519036069,80,E,0.30630306695393783,31,B,0.2988636230562436,23,58572.44982793847,B16C
60,B,0.7858283238902646,50,D,0.26324369549457616,88,E,0.058965106035546944,91,58570.15504840636,B16C
20,A,0.4070107922373224,21,E,0.2895643132740877,11,C,0.1184871454224401,25,58564.19365227033,B16C
34,C,0.23665537947971382,94,C,0.3465295192686171,19,D,0.24009811438066098,46,58561.24487323007,B16C
11,A,0.648602122637279,36,C,0.05971102987031163,32,C,0.874988711772606,30,58559.548000104725,B16C
6,A,0.5010205720156251,13,D,0.9885092387276465,33,D,0.3499024038514832,93,58557.64033929813,B16C
4,B,0.22160918823915088,9,D,0.010018257274248987,4,A,0.554030805671653,27,58554.95479836836,B16C
59,E,0.7687292280120813,15,D,0.9419167115260269,19,B,0.8346915717220937,19,58552.62936806368,B16C
63,C,0.4735085877410645,42,D,0.9086815408438214,94,A,0.6104542371697033,32,58531.84174737097,B16C
86,B,0.4894451812312478,43,C,0.1670336665042601,97,A,0.20362888694892745,37,58521.67837054643,B16C
14,D,0.39028910083933377,84,D,0.757193223017735,60,B,0.4601952643851598,88,58500.60085687316,B16C
62,E,0.6862332800964477,22,A,0.7135249407759726,88,A,0.3601036823996926,23,58498.2308451405,B16C
58,D,0.5893383779505478,68,C,0.10427399910734192,95,C,0.5307772030827502,59,58486.689804488546,B16C
41,A,0.17090379517652798,74,C,0.2467541649131728,7,E,0.882609750835914,18,58471.09484763272,B16C
1,D,0.3196694712345898,61,C,0.0021185216793616624,80,E,0.3247124277622013,40,58451.90807249387,B16C
56,B,0.06110707846893304,53,B,0.9536676192901543,29,A,0.6779024007160032,41,58448.92083176544,B16C
49,B,0.26123420101828443,72,E,0.35560927392722486,87,A,0.32372003082781664,21,58448.19004758405,B16C
21,B,0.5317089965810524,58,D,0.01829260695070478,55,A,0.022528493962539087,24,58394.39637241185,B16C
54,D,0.03966130497427045,75,D,0.5267421209837079,60,B,0.6686307477945304,83,58385.489677854726,B16C
74,E,0.21150658797736244,16,B,0.6109280808712562,34,B,0.23216221987000552,28,58383.796574508466,B16C
75,B,0.6272766405965142,23,B,0.921287581901002,13,B,0.9339852012340072,57,58378.10283484349,B16C
31,B,0.8475320034620177,11,E,0.1465443366006517,19,E,0.5666236519805916,96,58349.858243456605,B16C
81,D,0.022220639519938357,58,C,0.7602858946028052,27,C,0.929037496128832,54,58348.95582501643,B16C
79,B,0.6068597036029475,92,A,0.06854898722288194,40,D,0.6375272498276152,23,58345.707662191264,B16C
28,D,0.8178464430604302,33,A,0.5767962113430665,26,C,0.7523765669345344,45,58344.23989208577,B16C
45,C,0.4155599944371422,83,D,0.24143185919747545,24,C,0.5792499199404496,18,58335.50007063799,B16C
65,A,0.35983203209255865,25,A,0.27302502680833096,92,A,0.3538372976333799,49,58334.6567177383,B16C
19,B,0.7658523040370093,99,D,0.6199764136702502,96,D,0.8540791315932174,32,58326.34263475708,B16C
57,D,0.374653091653261,42,D,0.158588874082622,1,A,0.788521402927364,21,58322.84670028463,B16C
26,D,0.08410167113160605,42,E,0.019825662874429106,5,D,0.3413044536832609,56,58320.264999740306,B16C
59,E,0.20074218316574333,64,B,0.5968788933929527,89,E,0.5808587772939663,28,58318.41797583483,B16C
3,A,0.7679375516180111,42,C,0.5512179018964732,76,C,0.7700649196417539,93,58318.1923883605,B16C
0,E,0.8575531270999133,45,A,0.36254536105653423,63,E,0.874417476462594,74,58316.4804216618,B16C
70,E,0.9506244692703166,47,E,0.8851113316263051,20,A,0.4533124514941862,1,58302.511909341236,B16C
57,C,0.1388166822433209,35,D,0.7527529106799715,62,C,0.8089192879339613,87,58301.87153418859,B16C
53,A,0.9226949839543672,60,A,0.9709457758707197,11,E,0.16263926092975578,96,58289.93262743213,B16C
56,E,0.5163159888491179,37,E,0.9457017902949605,74,C,0.12503678154392772,61,58276.47410318603,B16C
95,C,0.4536412314437085,10,C,0.46514585544887355,29,A,0.7362649441084913,97,58273.17764548135,B16C
25,B,0.8404066555637142,42,C,0.5697173932985962,22,B,0.34481103466490737,96,58253.846348775514,B16C
35,C,0.23212860210310593,64,C,0.1886569971791905,15,B,0.10669514330779806,0,58247.170771952806,B16C
5,D,0.15244288440790354,74,A,0.11968553675881033,72,C,0.40899242264509006,14,58241.16029110216,B16C
68,B,0.3134105862196249,73,B,0.854648185907221,17,C,0.5659199217467427,5,58202.51197809895,B16C
13,A,0.8684653412123685,39,C,0.2635418572923104,12,E,0.028872182838650118,24,58179.86018980743,B16C
43,C,0.6078796438735548,27,C,0.2971905277593385,99,C,0.8169472402224771,31,58179.44399711404,B16C
16,D,0.10480398953958903,22,D,0.09353396291545368,65,B,0.5425264831661613,93,58165.31812113407,B16C
84,B,0.8025435689765567,54,C,0.9466678069631789,9,E,0.4618931580385729,44,58165.10349204327,B16C
48,A,0.9531825969108852,68,E,0.22828278513268718,4,E,0.7116784866578242,55,58150.29367212595,B16C
36,D,0.7256976947831408,1,E,0.3261295575959695,27,A,0.03842894086583626,91,58148.28761209946,B16C
31,A,0.5969602868455279,41,B,0.2607812868255164,99,A,0.6868608162329464,38,58137.90972627247,B16C
19,B,0.7049846384775807,7,A,0.01535611137533055,12,D,0.918799496321553,83,58133.93641664556,B16C
86,B,0.905987906258915,47,C,0.8336108723679096,87,C,0.8365648885727306,79,58129.121290163865,B16C
72,B,0.31525124302640506,82,D,0.37260477098177636,69,C,0.1735280351634071,3,58121.41997992172,B16C
10,A,0.29087973224421937,93,B,0.658026683488274,77,A,0.7698389172392538,94,58051.01687726981,B16C
97,E,0.7459169379985563,12,B,0.951737697020116,63,C,0.0027057246703674487,39,58036.757203014706,B16C
3,C,0.23115136756267707,86,E,0.3062257034545801,81,A,0.9175796096906065,28,58018.40242711267,B16C
74,D,0.5222894733111719,54,C,0.23626920956402575,30,A,0.9771230488029521,39,58015.7925854904,B16C
77,D,0.8429724020485632,11,E,0.08761169150971715,26,D,0.20950831858953167,30,58010.89096712897,B16C
59,A,0.14570661174750899,91,A,0.11525117750005909,67,B,0.14626545274848124,48,57993.82449918744,B16C
41,D,0.18277390266349636,45,E,0.46739027858159,4,D,0.5948439233289764,20,57990.40405817718,B16C
59,C,0.31036337588407936,75,C,0.9217903475187846,37,E,0.41174394474305165,95,57988.79382040731,B16C
22,B,0.7723220452263659,85,C,0.37895667084721674,46,D,0.7759415138734931,82,57977.8041732421,B16C
88,B,0.9934167051071289,70,C,0.46274713355342556,90,D,0.5537104626310506,5,57956.22364350686,B16C
24,E,0.6180508083353723,69,E,0.2768882692018,69,B,0.8361889846717717,6,57932.9079011814,B16C
95,A,0.5517822283941036,20,D,0.2666755369505984,81,A,0.2014911606568517,18,57919.19288890984,B16C
35,B,0.05570689569342413,41,C,0.29383563875792706,43,C,0.320196635512778,10,57881.034270959826,B16C
76,E,0.8030461265598735,23,B,0.04319602562373981,31,D,0.5340855873876043,30,57874.4633949056,B16C
49,D,0.43964232052484653,86,E,0.9472934412799529,77,C,0.5616144412331372,56,57868.94061039084,B16C
33,A,0.49602989425354427,72,E,0.7500111754664909,0,E,0.3788725154962035,27,57866.46210325028,B16C
82,A,0.27331931995714165,71,D,0.5324209686685818,69,A,0.8669452562076814,59,57848.505951327854,B16C
13,C,0.4937694913726616,34,C,0.323194871471037,55,D,0.7132293432218552,61,57845.859845686755,B16C
8,C,0.7632778849269771,45,C,0.41222513574859243,3,B,0.4826367415561337,2,57838.50272616721,B16C
91,D,0.9328120149702568,8,C,0.05108975101585522,57,D,0.21277834944333052,8,57831.16760153386,B16C
53,A,0.04567573856635321,12,A,0.33624179889169903,89,A,0.7429348496117596,58,57816.93431203728,B16C
24,B,0.21096928971169937,5,E,0.4230505803146699,21,C,0.6242878605077123,71,57813.523543061885,B16C
17,A,0.6450845035298297,3,D,0.7368202645905398,83,C,0.943856572602534,76,57807.70136114282,B16C
75,D,0.9409354761253144,13,E,0.3337976436956859,3,E,0.4635343781630348,94,57759.67450193819,B16C
31,B,0.3187038990282176,62,B,0.3057293306355545,83,A,0.5411498910361231,20,57758.77702599477,B16C
8,C,0.8696865810608528,36,E,0.27955091602522275,90,C,0.2941868683771288,64,57752.81023930556,B16C
97,C,0.7634178142206718,37,C,0.045458691805220774,69,E,0.833954833441952,75,57725.93792211382,B16C
28,C,0.35135901433178085,75,D,0.5596779562290756,10,D,0.6794037852756041,77,57725.48871204265,B16C
91,C,0.48806245991347197,18,E,0.6046229799604435,62,C,0.5349093325747236,76,57720.83093929758,B16C
71,E,0.489272519976084,45,A,0.036273043112324044,19,A,0.7078120051561908,29,57710.70359642766,B16C
77,B,0.8603672346719318,30,A,0.9243269630426978,25,E,0.09241548527305177,52,57702.72618414693,B16C
30,E,0.017602523701344963,23,B,0.14614160009305,99,C,0.7728745916575913,88,57698.044280972754,B16C
7,C,0.5971507044831473,15,B,0.6588309424840202,81,D,0.8255340437806525,46,57693.27576683929,B16C
20,B,0.127376032527851,83,B,0.9156658816312536,99,D,0.6524727160011986,19,57693.13790908717,B16C
10,C,0.436049220621891,39,D,0.9078466593897002,58,C,0.4802008939925013,86,57679.41363316797,B16C
18,C,0.7917328929996529,38,D,0.24913028532298787,65,E,0.6724799714636595,31,57673.29898003264,B16C
38,D,0.8848296951456717,40,C,0.6810127540320267,68,E,0.3664645527996606,25,57671.19995894229,B16C
42,D,0.41672328113600077,20,D,0.6155907193067949,33,C,0.28353472127729795,71,57663.385878980225,B16C
16,D,0.17896181713500103,88,D,0.8657677354136453,66,B,0.8469921486916285,10,57662.27988960354,B16C
86,D,0.06716499260555508,40,A,0.08686147599745608,35,B,0.7209729215852323,86,57660.39419306106,B16C
94,D,0.9899231424207284,92,D,0.9315762948059139,11,A,0.5818514016619803,0,57658.04429994608,B16C
50,B,0.8232099421806358,51,D,0.6159272548355914,95,C,0.7900237508387914,29,57640.21724382404,B16C
14,A,0.7733235527040767,15,D,0.03004970292369702,95,E,0.6020869381917932,81,57637.836423200584,B16C
86,B,0.8607948898601703,39,A,0.12895817740255744,5,E,0.9648930050352367,0,57624.38373170044,B16C
73,D,0.12503161560862253,48,C,0.45801330071974167,69,A,0.45726832224463343,52,57621.873476865374,B16C
28,E,0.6853387819213562,73,D,0.10896414170211,74,E,0.2214595140398392,1,57613.06845340085,B16C
10,E,0.8173463233827895,62,E,0.7297522521435712,6,E,0.7418505702312232,65,57604.64459618246,B16C
4,A,0.9384218520987698,43,B,0.8151090941506259,83,B,0.017273653311937087,0,57589.81682733457,B16C
53,D,0.4315542899531073,60,D,0.1097067469713584,85,D,0.7099287614675898,63,57586.68100426634,B16C
83,A,0.8849936133950259,29,D,0.7324874359053992,50,A,0.3329819012732921,96,57574.28901165104,B16C
61,B,0.19074826370580278,81,D,0.8827927019948731,71,B,0.4487140529357938,74,57555.75999797067,B16C
34,D,0.7693245039036807,74,A,0.09320352415092437,34,B,0.04452726202053736,46,57547.53038094718,B16C
22,E,0.7963018964232812,7,E,0.4440792904626437,4,D,0.45499845873789513,21,57540.77450260886,B16C
15,C,0.6661833328505901,99,C,0.2295216182345562,85,C,0.5275883103536512,91,57530.622430281815,B16C
24,B,0.2179983043884346,72,C,0.09723081834785641,97,B,0.945066939354006,75,57530.30692251306,B16C
85,C,0.6835808333247098,34,A,0.11539492142623953,22,C,0.038441288857789635,52,57509.8128342249,B16C
50,B,0.8989910560520938,18,D,0.3903803029252024,90,D,0.09759538230173237,71,57492.446277731375,B16C
53,C,0.33804241599703977,70,C,0.3929381146830072,69,D,0.020978620456929553,99,57489.68801157022,B16C
84,C,0.010175002589267512,9,D,0.20117890216837753,99,E,0.9372276325135384,76,57489.15322687904,B16C
88,A,0.8890962427162395,41,C,0.0750023120253448,51,B,0.7463511451435714,29,57461.21035972118,B16C
83,B,0.25353866251917534,12,E,0.2768536448369533,93,A,0.8122495161110819,20,57445.70190749018,B16C
55,A,0.18391205123282506,93,D,0.7277790851215246,71,E,0.7278326865594151,90,57433.93169272196,B16C
31,C,0.5507657263721529,34,B,0.8864859692612422,74,B,0.8433505485365966,94,57431.16972201197,B16C
93,B,0.12958216792992272,0,C,0.5286180496889478,45,B,0.7478343705157137,68,57420.90876767204,B16C
98,B,0.1406954238607463,96,B,0.5182803673409924,95,E,0.6174351556712817,92,57412.76886339346,B16C
86,D,0.5841946353345618,10,C,0.5454025650239882,96,D,0.38789794553136747,42,57407.15555668877,B16C
26,E,0.9762698050329522,90,B,0.1746478569140376,37,A,0.7531103509106298,64,57397.3704336846,B16C
43,C,0.20276920936883913,49,E,0.051431470900245135,67,E,0.8703953735205573,38,57394.011072981375,B16C
77,B,0.03048326031138804,35,B,0.5815707806983855,64,B,0.8068488936824733,55,57394.00771816239,B16C
10,C,0.8511970874787617,82,B,0.27843656043651277,55,D,0.684503479039147,79,57353.31005741367,B16C
58,A,0.8518362587619005,93,D,0.903525451458761,22,D,0.5919176779904017,7,57351.874081650385,B16C
48,D,0.9143635202447616,61,B,0.5277244019670086,31,E,0.21538079798345444,41,57346.2472991836,B16C
5,D,0.7730318987057172,70,D,0.6964960796411477,80,E,0.780942670160249,74,57331.835216408086,B16C
30,B,0.27165131954919386,22,A,0.5604757280002245,1,C,0.4775774486299732,32,57316.40187177506,B16C
54,A,0.00460054572588442,43,C,0.7786117464169592,16,C,0.14489575351543027,22,57307.133189843655,B16C
33,E,0.9299315989816455,69,B,0.8630231756665131,53,B,0.7717529816548947,57,57303.00644646469,B16C
2,D,0.7243627065632184,12,C,0.21302032098487234,42,B,0.2908401720636167,61,57285.06136062533,B16C
24,A,0.5337003734151716,18,B,0.6921482253005424,30,B,0.061461301077286534,18,57262.952533508214,B16C
86,D,0.4562958831277989,10,D,0.11587658081160412,32,D,0.950645746196961,36,57249.13170220664,B16C
60,A,0.4931955197879292,86,B,0.7640340715449034,11,D,0.38614148719151486,37,57242.32120352263,B16C
89,A,0.05554723348764601,35,E,0.7108503823423064,35,A,0.47254709506175774,73,57226.97751500142,B16C
62,E,0.8422820987482158,62,A,0.3071096521512109,11,E,0.7969331547370067,12,57223.14250213874,B16C
