x_1,x_2,x_3,x_4,x_5,x_6,x_7,x_8,x_9,x_10,x_11,x_12,x_13,x_14,x_15,x_16,x_17,x_18,x_19,x_20,x_21,x_22,x_23,x_24,x_25,x_26,x_27,x_28,x_29,x_30,x_31,x_32,x_33,x_34,x_35,x_36,x_37,x_38,x_39,target_y,Label
1.7544311553863163,5.033911234355349,0.5148211786040751,2.4980688387506618,0.0,1.877628756294591,0.0,2.556901857899384,0.8580705986830293,0.0,0.0,0.3063340381431776,1.8611646568673395,3.117019202586777,0.5656412263839492,2.060291916332722,0.20749803428479474,0.0,3.5666382423882355,0.0,0.0,0.0,1.149690526653773,0.0,2.1138005217700604,2.6177892852761637,1.1593401159192172,2.748034889159232,3.243002275942946,0.5449006052832694,1.419250734607422,0.28204850228377953,0.23639088705460698,0.3836101324209764,0.8870028365130049,0.5379089156889809,0.7211420177622965,1.1229115711527662,0.5492756567501926,0.0,W8C
2.6796846679825657,4.366561357710656,0.5842257447452495,2.415024624926298,1.5605988152518333,1.3275634002672247,0.19901294069009667,3.7491900586001283,0.2174591973136728,0.21021958974485777,0.4243786422598337,0.7720874864242524,3.5956735994694613,2.1128922496485343,0.0,0.0,0.11046370264183603,0.4303529787337099,3.1274160792074346,1.2779463811384906,1.5226858682882471,1.3934013643785743,1.604336183172148,0.06190106406430962,2.2937871377982963,2.9108722365068678,0.0,6.411068550738515,1.9967808901802069,1.5183608476078692,0.7749470747815268,0.0066421573753840946,0.17961952776106216,0.05877626650294854,0.2543696936051334,0.3416813267769636,0.5099504833411914,1.6916405425561818,0.5025583584809503,3.4817837258295796,W8C
2.9565278110591104,2.9955063927532324,1.7057370506134806,3.0361313728870276,2.8676480896773415,2.7508445110558375,0.7519933467038764,3.3442694586195767,0.9725182306458402,0.9684846526119699,0.879546187991616,0.5938041486267776,2.806412237344708,2.7272150463755795,0.9187480720781336,2.3337715069735054,1.7649307843754376,0.7995358852630476,4.510672722714872,2.9826130989707043,2.125354485720862,0.7606286104997344,3.847823354627216,0.3349405167619799,3.7146892014635235,2.148091518351644,1.253509211452855,2.4934441164157595,3.2238832305264173,1.3292334745980905,1.3491401066692483,0.18500136061759465,0.11322714489486652,0.20045416540254157,2.476127924940532,0.0,0.7907879996688005,0.6512043196528436,0.5790530126045006,8.052802387929063,W8C
2.983165618517118,3.7815450539591957,1.1134609104054718,2.3428812829130696,1.4381744603714086,1.398952251511706,0.02170471632133708,4.286022232043634,0.3654580859997192,0.44778845270621837,0.9261970820189052,1.4052761499617867,3.459729048942246,2.677160658161267,1.391615110364697,0.9554731250281376,1.184862858079594,1.2494969587003766,3.878348625203813,2.375788872886294,2.2152520782635143,1.0830693242492768,2.4950771652781882,0.6817474876713971,3.374326400759638,2.412812029239681,2.037761649043385,1.8070237960376245,3.2389239369195524,0.7267793646381211,0.6077145498701948,1.5710125724794468,1.2522212086473263,0.46469252927491134,0.4502084044046333,0.004755100613313967,0.5234064068622546,0.8101014347478901,0.0,8.80332552501104,W8C
2.8714845290494475,3.1029465360205624,1.172696358945131,2.6673698714349214,1.0112133564104848,2.0274884470182273,0.5768936436471357,4.08336521852579,1.2290255040570923,1.5145284928319325,0.7396304751678167,0.0,2.8283562107796523,3.54153889947788,1.9048716339018035,0.883770021039505,0.0,1.0823706359312488,3.423680868632324,0.8376865203221944,1.9234393533686895,2.0643728692513696,3.212416459770646,1.065585181822278,3.6965171533114725,4.544288168433734,2.153059859145345,2.738847029532498,2.196831143261293,1.3194618217685106,0.9162441292868597,1.3601755272705967,1.2194753107371816,0.49579472463899377,1.2786416651571169,0.2533456818921347,0.6684618762988066,1.0082903771833487,0.5306806606505683,9.664811928240372,W8C
1.73122723691517,3.701297757705289,1.0713511849998434,3.7566565810023227,2.033894670650481,0.0,0.8015663618014366,5.906729184545966,0.24331804998371975,0.03612582746890203,0.44227586171308486,1.1365923001974316,3.895998661416299,2.529145928105338,0.13857587923440562,1.207400422256356,2.0781198615800967,1.05150221779256,3.5524526816252244,1.9801195472924462,2.352846062867733,1.3925857390053733,2.196489586144006,0.8391684957147323,2.78363662604964,2.9749764359534474,1.5775692545875142,3.8288748248142097,2.494050031582329,1.6574910223157717,1.7292076886426508,1.1351097494186302,0.9146696377200605,1.455823784721653,2.9094134737457127,0.7929922198226262,0.5708429375135551,1.0266522328224883,1.4539833094525405,10.126000540894754,W8C
2.3377752147481803,3.64653904840889,0.0,4.493107737507895,1.9210705138391342,1.2228150414697634,1.25604325592585,2.4182911650713868,0.04409328574747695,1.1416808909612521,1.8067127140204606,2.5744243838135166,3.8333410838720914,0.866797244887691,0.8481025517195282,0.8033983836146543,0.18098035050792705,0.5120025601158831,3.4703262469554805,2.8394021572129784,2.3604804782839635,1.1121575157336956,3.2397805483571904,1.2734746602614346,1.5349660400053458,1.9234661364948302,2.5111861346397713,3.4388657846907846,4.911624524823277,1.7930717516522847,2.8887322372056117,1.066447826012415,0.0,0.6082719135125463,1.7248675055254117,0.5250409882341387,1.8217329658514656,1.5323239037137069,1.7586233787674095,10.263944384312502,W8C
2.3001750891936346,4.815383311329969,1.2354824281669032,4.549662767530357,1.711357348284126,1.436352952310096,1.4250810751809415,3.031326339611046,1.4235733225857221,1.3775492648642667,1.5101561243678845,1.603381196949625,2.945935644787489,3.67279664051858,1.9578091897843857,2.0400103596125283,1.3741893842432595,1.164804832501924,5.3808925103564995,2.158129146667702,1.208623509262222,0.08233333820359112,2.925949020613094,1.5196585378523522,2.907741538236733,3.1092623932271817,2.4798996300068685,4.470460539408142,2.5562801609253247,2.0920828089798924,1.8323492099879737,0.8748769111357109,0.8642954366238842,1.438819726443252,1.6082526538871722,0.07107551982107196,1.9950458478265738,1.7282699795391383,1.437740471975323,12.115298507722756,W8C
2.340421550457657,3.1081819346333432,1.7335791599494366,1.821937927801238,2.4949396272898854,1.2282674005359495,1.1764351098106016,1.5114098240253544,0.656667963637199,0.5552955512203241,0.8261208088350265,0.8488856483154468,0.5223786217552115,2.694406934010775,1.254873958207841,0.10892250942791115,0.7845029098552287,1.3308425949602818,0.956861449372115,1.6675917772359714,2.2753247042352758,1.6854081885047538,2.9938975910257186,0.8446176012338005,3.33311596493665,2.7727080681727827,1.8612062709785264,3.679864064550169,1.3678260361144559,1.333119549104405,0.5037828999472005,0.35792256747747286,0.8488084773846138,0.49361611560121155,1.9664311279180686,0.5747259214911824,1.3888881768638182,1.2428844159826404,1.3977690324248635,12.411512558111305,W8C
2.532670183032241,3.3085970099591644,0.845871004049954,2.7777341047942032,2.027450824902715,1.9159143990071632,1.3319817220633687,1.7106610322118811,0.9038637115685686,1.657352026293033,2.035926999282146,1.9322663323262557,4.084561226639238,2.2407587765899493,0.556437495882292,2.1637768213169224,1.637778475937775,0.6210402138519575,3.2506604062372584,2.8861143582518656,2.6175735827626827,1.6293514748100797,4.64210992390078,1.7148362001581494,2.1736419721623856,3.467604482632874,2.5640711196797,4.895400610694653,3.37780267115181,2.55103011126937,1.578752960778187,1.6956717309403004,1.635426172257059,1.5738250820465636,2.284801140261968,1.3541114451505725,0.6525779421232394,0.21955260973865354,0.8098745042054665,13.900249487022712,W8C
2.4370910444608525,3.5005400809188343,1.1714515688912275,1.7921597420922784,2.858942990374395,1.0523855219722087,2.627102069007071,2.342380250536959,0.9853512362717736,1.8678791805425554,0.9856648816097411,0.10294470156399571,4.201418521707474,2.7727222900690567,1.2792838347273237,1.9264447836312386,2.703466836479662,1.718093539847474,2.7292427455587536,2.8375103750798947,2.555507419707459,1.1589135439913223,3.1306888757447244,1.5005550189980346,2.8606900032985147,1.7009530090489655,2.435850189574509,1.8773240842931151,3.887881642058007,2.137032750853643,1.5287977581756933,2.1870461440651807,1.5669086985044185,1.1088884710313238,1.7242029015823988,0.8894248122928494,1.167327679539662,1.0221961633558139,1.2783430470075077,14.969546841765595,W8C
2.8838189036461475,3.1919015717674353,0.4507859790934714,3.402477419466352,1.4894110091316768,2.0757741139022645,1.5346006924433198,3.211411796499152,1.1115557650291155,1.1172819360112982,1.058221171803515,0.7756760964981999,4.341954073168708,2.7669981763065015,1.6995841205647322,0.048093549247816725,1.1416124637991953,1.7252461133437835,5.139729906528802,2.7389408050027093,2.667815785559728,1.5393310676808611,2.7759308934182716,1.0926504997031214,0.19765545758483505,3.0128376015887035,1.7625591668029235,1.818754676636752,2.6880263382292733,1.8655948341939688,2.074010825551434,1.0094890130141465,0.5742525364392412,0.8752852026854256,2.7132473623690943,0.9603378011777335,0.0,2.0129475313301817,1.6546343921380067,15.243181383119108,W8C
1.7530199048379687,3.693064135170367,2.3389159863167803,3.492050608846958,3.2563317984932683,2.0252716130145676,0.8721462208976041,3.231025856690126,1.0253434966962751,1.802967544445122,1.255636787912475,0.742930745962957,4.563676111774143,2.8575423258331414,2.252438421146749,0.6614106141356295,1.3804378996292679,1.9377429104693156,4.7647895683267585,1.6408475220079604,1.7476836585156956,1.0201940883587497,3.9743605245617584,0.9557969014013823,3.915585947156011,3.071453564727396,1.7879825690191087,3.037671660839771,3.49784473591838,1.8794826528135822,1.393061916803266,1.3841069625887708,1.2006806499146394,1.333098257592083,1.625933959446883,2.00341057471413,2.1290693121860285,0.0,1.3907947099614058,15.473164345702905,W8C
1.562335321053513,2.7364291058245422,0.6547502955120241,4.444724246344256,1.925692286753789,1.7259612311752743,1.2219378419463693,3.2708435638031816,0.7422239484999098,1.1499949171532178,1.8963733970203613,2.491061678987886,2.0148115019979627,1.947747640742187,0.8371875601843004,1.7452947478496263,0.9790904199844408,0.8479092521902645,3.3966995459549247,2.6577398533991117,2.9060009515904834,1.850165655680883,3.4196637085927564,0.6206607700641107,2.335982332902631,3.984072944796133,2.893464825145921,2.5030358172928255,2.1613759036394415,0.0,1.5407153939803457,2.0913115174475614,1.5450324529077677,1.0465009559491962,0.0,1.0938196661006399,1.0290491266759325,1.6235333632967286,0.890192378611026,16.45716430038065,W8C
3.1119663185777973,3.456510097082675,2.3281035840276543,2.674850251767694,3.666904497615124,2.087220047885328,1.3072059644342404,1.9643302357872061,1.0044019397596198,0.25791385316588045,0.9235691160647619,1.6837189894889142,3.1676752127699177,2.295840348126112,1.0589946706302071,2.1945897603151514,1.926436388265943,0.9594282780369681,3.87566620961454,3.4660760513288573,3.752870289866992,2.423024802406092,3.1851127632497485,2.0589581195054003,1.9515269068939372,3.7755700032102943,3.3640826344599546,2.9534341957491232,3.1324187149999108,2.0852532141047853,3.0523958781736575,1.5053104414768175,0.17908686421842157,1.0899866392047906,2.1678267398614146,0.9762449322167965,2.4027453037230995,2.8569600013916703,3.163518045303287,16.599795196631586,W8C
2.4598988131295116,2.7594819731342524,1.8915705180135374,2.5215211358180705,2.459972170535881,2.3584710119030508,0.2052975311376133,2.1324986776771104,0.9827584466314061,1.1259061017524838,1.2298657722482567,1.5238582204219422,3.9959627835426454,3.373272239992607,2.4578135449052674,0.7841708327977317,1.4138501520831674,2.020616462647739,3.982689528723797,3.317125389665799,2.7744606367196027,1.4003197257934725,3.7468683992174507,1.3777001947697787,3.5044233676152308,2.878972893341701,2.3751554598048,2.3978948685832124,4.196536577276278,1.9399064905434393,1.188865064434141,1.6149308533214952,1.0124938467030722,0.0,2.197864452052198,1.184161480059444,1.4920730156519586,1.2758352285314332,1.7509426288599905,17.34763280917745,W8C
3.534750165228105,3.8857944358857197,1.0726712944409225,1.9716418715107993,2.4197468982809816,1.7154145895423878,0.7166316460001476,3.589470375436097,0.4060712397913222,0.8430170474587042,1.10809025101657,1.1431925945543835,2.3070955650853495,1.5481823012737905,1.0890942988326446,0.5396444673571152,1.873316684402297,1.6111728336411568,3.383557933686513,1.5348267671554874,1.3834739772187108,0.8547690077332617,4.17071934835144,0.31145801013293184,1.4947742505754558,2.8201076367934075,0.6403758647896618,2.446391784415376,4.755411814841348,1.2512888315147728,0.0,0.802810158871309,1.6288961421521175,1.283075687712293,2.2783363970291646,1.6671877782825626,0.9209464061089379,2.1026652016180245,2.3295431398872952,17.473345288820767,W8C
2.703044062157752,2.4150789676077107,1.4866508177556073,1.510147350899094,3.7990265164408417,2.76740615493701,2.260248130438195,4.441009786126009,1.2223503167134593,1.4782368971047863,1.2807391765471805,0.76548400242442,2.181913219956293,2.9714807680579676,1.8519550901923263,3.4791704727623065,1.9253390981483096,0.7876807475948953,3.63232216127751,3.0942641485916123,3.0920005355098854,1.7931675167042667,1.6241686883425068,2.1374772916657125,2.918185599364091,1.0452678576403198,2.396780489671168,4.116847330182004,4.470501295751909,3.3635894957688564,3.545419394597129,2.578287565977208,0.7447797890548395,1.1283726392324898,1.6615432866977375,2.0981390534657525,2.227795325511335,2.5623630269208055,3.180270366575373,17.69780999869465,W8C
3.9863959329599794,3.348514383821339,1.586299147386827,2.8370561539508734,1.6011250041476717,1.910726034627956,1.800451633160194,2.5447856193386897,1.6857017421817193,0.7058344729281072,1.3912896194406932,1.6981135690290388,2.580594009114506,2.521941734578327,2.523701061183684,1.5147888282294748,1.4696587180941179,1.7645523590654209,2.67635141514209,3.16483962374973,3.2742345282244347,1.9926998292075753,1.4164157726029003,1.277320282215889,1.907633108732976,2.235114864009363,3.138883313680798,1.222278001786459,1.9849812986621471,1.0051852267587176,2.1548480870582383,1.365925786952631,0.6847087454498033,1.3446300188266107,1.5643996637726771,0.48015821638477396,2.3190922636359836,0.7874179313779175,1.4939149494420172,17.904365983697467,W8C
2.3223166531221873,3.306393950850025,1.4227273028657956,3.368027189598577,3.9279588146621305,3.0246654408131217,1.8760644364219121,4.566996213583466,1.0802027000174474,2.284825100911306,2.526847585654265,2.5954066670332674,2.630846420621265,2.959010998152454,1.4495229234916862,2.9252428408178828,3.0007135296189613,1.4437523241461476,3.9676438484080863,2.4700844488656966,2.307778106779722,1.3220487174150577,3.371512128766259,2.591585985380531,3.600828676844829,2.0799180474093886,3.8015653244998444,4.341174357356722,3.033910571375068,2.5600675162605047,3.0723494039355805,2.663134686769207,0.9682029014732172,0.6247909255638953,1.7796856076526848,1.954799007874252,1.9776478190090874,1.9480428273076331,2.5039230021101737,18.834851125828763,W8C
4.5863483681681805,3.07274027740927,0.9982586438783443,2.9153839135789177,1.4976437818140607,2.415452219493391,1.5950570527689805,3.6761016074364283,1.5843516424928605,1.7015212209561226,1.5870162089366964,1.2765375975914866,2.612355353433621,3.078105258357206,2.019555540805027,2.2477967885186434,1.5706848236704192,1.2686366338763748,3.6227683682577316,1.88504575461066,2.139108195481226,1.6943768327576025,1.335838339568626,0.9458316425806883,2.603150989292647,3.2195115185226415,1.9481601764708145,2.436255903371181,2.3593065758018987,1.7914895895424534,0.9274447102800192,0.789206395379443,0.68779619797581,0.47249379070945796,2.067627075220309,1.7251866381519414,0.9035347948095107,2.868417815048809,2.5774094022244154,19.031990256733774,W8C
2.776172718695038,2.248008537359838,0.8152459940963741,2.5152607937585154,2.382531341382015,3.128290608139339,0.9691403138263881,4.329865825807915,1.090237173363033,1.757643545833183,1.9161045451722818,1.3779557607547337,3.1193423818800476,2.8688747045722534,2.3781578771670335,1.0404925689123035,1.7352842791598,1.9821265156190853,2.7253066993056256,1.888787207054789,2.9248294150128213,2.610812575446536,1.6685231208582971,1.7273716413797149,3.8931995033696176,1.8792907694279744,2.376417574816548,1.321842538038086,5.358591484440026,2.407724226587493,2.8985932848824723,2.064965879444097,0.6640081785152663,0.7236279672478063,1.6848161288997852,2.318530028566912,1.171433453591523,1.9804129341138925,2.2273943329888892,19.727667994297228,W8C
4.4220149491039535,2.6695843329244706,2.3616214273301144,4.069853151965235,2.4494771297940217,2.7619434174244306,0.5120643634448867,4.368612279006664,1.732144626304688,1.6218733447303164,1.38280134395609,1.4227662167976012,2.7556553206419445,2.9726301890407463,2.090734535252885,1.9315568323788708,1.2776637462601395,1.328200427639923,4.525420071711129,3.5281056926921277,3.102554177079848,1.5165837490749996,2.798439191186463,1.8423991044663954,3.3309479372491877,1.7344709455338583,2.6116985718948627,2.2602476755791976,3.1456543166571524,2.4274885370074086,2.945247468708691,2.4619210562277454,1.1098493514306222,0.8407679317444612,2.5021823555249547,1.731340362923067,1.9731913678935642,1.752253070302357,2.552612951975385,19.871405933329456,W8C
3.417982234619383,2.8426298283390135,1.4532400917147128,4.524377258915371,2.885898910365367,2.349060570314583,1.9416063749847259,2.3170040852332097,1.2635257364779389,1.9850574295784718,1.9993763156997422,1.5863087100148638,3.8314551313604075,3.0332105538582903,3.068357790135171,2.1404948549550245,2.4496117670852278,2.319186405799443,2.775994992675155,3.6909551954498614,3.463426916862012,1.77719869290366,2.3552515979674817,2.042493843951833,2.7132139945672384,2.6828939849728144,3.7618910533146384,2.783518957038491,2.8227888051263195,2.0356712648537636,1.4527268072442707,0.0,0.09500089399898104,0.7854481540837317,2.0565557956923453,1.7174740225232255,2.1813929651302724,1.0707551922848424,2.081250353630181,19.95987632766668,W8C
1.964543123798962,3.4747673476679157,1.4984060257137148,3.1829032140556697,3.722867040892585,2.649973027700929,1.4107298138985596,3.312829905529341,0.6337297935387847,1.31293920746031,1.4214248971552916,1.3961733828459941,2.6093378376775247,3.316492999116382,2.3664016746249197,2.5663457452412386,1.0253088160594577,0.9604758735964354,5.2859864233350295,3.1907468872286673,3.820298118193315,2.7423457994885254,3.7333418810760475,2.2383670383746628,2.877135895639074,4.456386455830629,2.8561828596551653,4.124687743634977,4.161482745260032,3.2467058900162478,2.8412204905537677,3.15124632937279,2.073089926007541,2.3281140939795995,1.358723972505921,1.8136138781207254,2.09430574036391,1.8599522778283197,2.533722714304787,20.004111198275204,W8C
3.0043842299241907,2.7293981612533567,0.7924338762718506,2.761926045766722,3.7412276275369623,3.6494560666970526,2.2801319092581225,2.6926384685837923,1.15480325643471,1.2439536085910006,1.8885137363554994,2.5333554089305212,3.6529027309281306,1.5292423963802286,1.0593365816701326,1.6399051929370683,1.7433207186792379,1.188222869910829,3.3549731823549602,1.7362012356759164,2.656640688109455,2.187729718259654,3.6027412731078634,1.3221301602462014,2.596270618181012,2.2274332105762946,2.0173290776167687,1.6852247167417185,4.134965029458184,2.0858370765727408,1.6029320017799744,2.6961722966319646,1.8922337747990134,1.5154907720405515,1.5748305188585374,1.6961588404423091,1.1222397804112254,2.235306386512962,1.925924927738008,20.152845387199985,W8C
3.083747571296617,3.574485737399701,2.205458871392169,4.647552510392353,3.703838908958364,2.8129600506371797,0.744495483429056,1.5801375774996858,0.9099496282842523,0.16642486184607197,0.8587203441495115,1.5965112485569115,4.17111429637232,2.986930719533563,2.835969994340701,2.392026368191962,1.047577797657782,1.5492662074478971,3.408560325368831,3.177379649871894,3.5370450315575592,2.396620893615724,2.4380665583676904,1.8849472447236664,2.4488272346501407,3.298503530337843,3.3530034930108217,3.819238536834644,2.585516079429933,1.7052464150745756,3.1408234582879153,1.655668787660444,0.7357242912105035,1.638331108739815,2.8242519749517347,2.3671219254702027,2.223903161468867,2.337403921373581,3.6694006448052514,20.36862901978865,W8C
2.2046140863585575,4.716024839054496,1.6641966798738121,4.047962416928513,3.7436993408602226,1.5614254233238585,1.5056434685974076,1.5032170130729772,0.40743390305905347,1.38008010350775,1.8400602575516107,2.4325892182900555,2.414211348449982,3.2191684748560196,2.150762562077955,2.803211831926152,1.2752290425272277,0.9811321436078964,3.6282239799523626,3.091970797671028,3.2796861294575823,1.9005371910011823,4.25444074754063,1.1643198117417763,1.9493054414665205,2.9560510824781794,2.240985889031633,1.9969847309052313,3.3463433112773675,1.5641660561956439,2.076605056572726,2.0504095751824973,1.6505817021791043,2.078107278776716,2.0581595535866897,1.4939223865523723,1.5198515315749286,1.9454591746316015,2.421950373206841,20.469438416260775,W8C
3.0263603225943285,2.9730459220954892,1.3562254698554244,3.001604035013643,3.1123139488557525,2.881480492745837,1.0160358210520322,2.2319967856398035,0.7846678253001875,1.5214372981180952,1.8046887935809173,2.125813689359191,1.8660837544729882,4.250690598321766,2.278642934834285,2.497555118795907,1.5732955899515693,1.2455859950192398,3.8487012655560933,1.3899195335945196,2.2734107307646427,2.2784403752716837,2.4797690880780126,1.8836870325260018,2.8669053431034413,2.134847386166115,2.9931691245668945,1.4048489468556484,2.7309761805060093,2.5627765052683893,2.776337275164382,2.8339059689081294,1.7705888742766531,1.9158318365003435,2.6474770003511154,1.399733370585436,2.1108446230456748,2.342120666439512,3.155741036613608,20.81260938081935,W8C
0.9229362465577249,3.920390338116558,1.7196195477595055,1.832723924500861,2.37247204902903,4.157084382048693,0.25489485485036933,3.865028197017911,1.582782389337705,1.2201367552714908,1.699549410835933,2.194398047323607,2.8343287663776713,1.8791195783457475,1.8675236218804623,1.2612206280575413,2.465395956090497,1.9337645052664207,3.9698968257185387,3.1226789047886614,3.1466403418193822,1.92849697091164,3.2247150899536092,2.0772726055767525,2.2556793988636166,4.677726240276846,2.706257130415544,1.9736721114600448,3.27211600712258,2.8673505336291996,2.0152783030612067,2.9519055164565753,1.458691549328356,0.5428371143551862,1.8486930049614831,1.4178282005738199,1.1065659122824987,1.8011927610740763,1.9690058963898558,20.880810662393586,W8C
3.6306692433431094,3.247851424154155,3.155826179477037,3.4887000505195647,3.7380225975991386,1.7570708392002876,1.2937624211618024,2.0038928990793456,1.3907159040975305,1.615894426714997,1.9631200804937619,2.1310866687954313,4.298099362320775,2.2756756457957295,1.2139738125667066,2.1461310959968802,0.8784513133811429,0.4203507295007971,1.293607467379399,2.58181014203508,2.37365830860875,1.1209897947328575,2.215035900777515,1.991144157277712,0.47769259676210796,2.627906550368303,2.3068125050371533,1.3828336452672796,2.4390829008510124,3.319192345715155,1.8310639941527858,2.6623220662172433,2.2702848211966504,2.2442119159361855,3.1641859027844603,1.3843854425481552,1.6691053501155952,2.0869884978689175,2.925804626759348,20.984907639717537,W8C
3.023624467079666,1.581131919847916,2.857505601748137,2.716423750309619,2.194407340985908,2.1843341449247564,2.0452390350192724,2.3953340373350045,2.4302319531511714,1.6535849078848472,1.8886819363296556,1.9771297247487796,3.04359265376818,2.270820627418823,2.7213931037594143,2.1093026714807417,1.8120673145564248,1.887443169099891,4.4598849653969985,3.0026920350492268,2.673051413250488,1.3578286538900577,3.557376418612656,1.8234564265066762,1.540094366936721,2.7255576299504454,1.9811440128189828,1.5658934094480756,3.3155802305180315,3.5659101863585994,2.416034864113125,1.1760376479713113,0.5234673950420756,1.168661564648656,2.266174909136889,2.1642658453299033,1.111441215588778,1.6903127873530082,2.3180458815962783,21.22418992157888,W8C
2.4555935126953288,3.8096123543766676,2.756974848667613,4.490969844940816,1.8521078507937987,2.5189729934330787,1.1307131991539845,2.7044375947736436,2.23505715812513,2.390208749302041,1.8915007611897094,1.0085973006084834,4.972487312210294,3.826351356686142,1.5812578343911403,1.8628622106000545,1.302445028810821,1.1329833746155051,3.6228924266659828,3.1572277238180737,2.730141119619917,1.1811826009164172,4.096245460173643,1.5883836256075967,1.6600578663872962,3.532833305709437,2.552723772201019,3.9705102206971414,1.5862669403422274,1.8240333133575832,2.2798702332830048,1.1966883324247664,0.6927123690084485,1.0319338701473448,2.410740454314916,1.4130032631308311,2.8990698434433906,1.0939030966705872,2.6819552317243454,21.266427407707468,W8C
2.6265642097053425,2.7885663848048505,1.8307735723513614,2.6972828486077898,3.9306206163999864,2.292861723849522,2.0061164492290757,2.6703557226455725,1.0571301839389307,1.8539464226217985,1.912767287745911,1.3637732968673784,3.0101035333044783,3.225646056770783,1.5352468755609963,2.4264765405973083,2.3942492819629866,1.4251522467680888,3.4752494304050376,3.407386947653995,3.5023745309491456,2.288728868971563,2.7821634315264814,1.4779111591648049,1.0265895635519078,1.5141551800740025,2.203833839613411,3.5125441794935055,3.8926338744618985,2.106725376483442,2.160668299438066,2.411538469856419,1.5105307081017523,1.676884971368312,2.269962551485718,1.7208585138533081,1.987760784928261,1.2694995504668016,2.168593423690652,21.54607622678721,W8C
2.222703642698895,2.577136291533721,2.6968200518337984,2.5673372153482945,2.9590676271587926,3.3018252369338787,1.6524085732170137,2.9409135891331104,2.3046749265529454,1.2337563606644835,1.3118865257472836,1.4457358501847368,2.482814439891463,3.325735269756236,1.8076962373821495,1.829618346674446,0.5660873140087475,0.8748171877039042,5.037943045659743,3.8469352582496485,3.9616029103065733,2.1835864068385953,3.21128875163831,1.73862893482123,2.451264398503668,2.181520347979215,2.638397971196703,1.5314573988250468,3.1653958893840493,2.651137841888132,2.0358793418013716,0.5592461126844643,0.2809817767971836,1.0180861439473794,3.058629303243167,1.7248262970369515,1.6746552513105222,2.183006794806752,3.195267499982138,21.55820066004654,W8C
2.7062336816010015,2.736252038018164,2.645806029884643,3.5708442686658013,2.4868884384656242,1.9296652741454952,1.2246267865278053,3.874699574288707,1.7036428204606608,1.8027588326375872,1.4059325698753466,0.7618645472393264,3.8289412925069137,1.581162280328617,1.4406174717555726,1.6029197402412794,0.5276379355995378,0.6541263107300523,3.489772759401853,3.5856010288318205,3.6815272514177133,2.1562448565108623,2.2648110020053553,1.5577627355176487,1.2197168888589691,2.423403246501672,2.2698341073725885,1.9140003985787493,4.389070131828825,2.73941566748915,1.02544172847373,2.2101890232961754,1.8894908115298799,1.5598956164343205,2.6809217975960378,1.765190772226718,1.1414134602118682,1.5081023740259916,2.404661983267955,21.591958264081843,W8C
2.925435166869771,2.9039685801280717,1.658976470662014,2.292830726607609,2.406789181950853,1.8988691268611309,1.232786952700213,4.552509931334078,1.0188049991142007,1.3045464179718824,1.8727145936166338,2.5861261018656663,4.2681166787593074,3.168769411453753,1.756147501613703,2.6497523442400412,1.9514492019694558,1.2537055386699558,4.229710867943869,2.621146269366886,3.751460502609069,3.0230483919932616,1.4796062824985372,1.2656889176893227,4.04080157474169,3.6597349582609557,1.3986936826464431,4.434562428314827,2.4362563487543554,2.7220165278214443,1.8789817220248908,1.3226667589323553,1.3496238379111787,2.3490535228906,1.5617459294587364,1.6556251600567953,0.8352234814327097,2.2137163839620735,2.139636783817576,21.687628031332356,W8C
2.9886764913245587,2.612270553158517,2.2327004676898525,2.660457299299102,2.6298362965854087,1.774104108455413,1.7331080608401812,3.3025536490683423,1.7429795419399527,0.9049477109132209,1.856652804244854,2.730902001371133,3.7438417907782386,3.628791021302264,1.0165398006405528,1.7083411541286915,1.7697096735908064,1.0338098700561777,3.385172289460696,3.3532440261115264,3.3333396740890655,1.8158759869163426,2.0659879003705615,1.5736029886732705,3.5432329408787924,1.974332097871957,3.1734134357698287,3.9338723953685664,2.913817332145587,1.62298254103699,2.895874179884965,1.870345194610022,1.2007613573331897,2.51344212304428,2.477405941590829,1.3721839975813197,1.2745253917947448,2.5419593835584413,2.585800789672439,22.041380493610767,W8C
2.9732002986137216,3.7122901113582953,2.0361911642607593,3.1690979972096525,2.6841044279921356,2.919728414699917,2.6689184472835614,3.904904473830789,2.3698289446603824,0.9575875400398317,1.5909117501169916,2.300722368765146,2.972363879528676,1.855180098702259,2.110139418894369,2.9219569062650073,2.2967922605897235,1.6082362240010575,1.4788054993134945,2.837480613094894,3.2759598175005396,2.2232350197891666,2.8776747706397,1.595340544993426,2.506073974495393,3.0976739235607154,2.3703160933458887,2.0409649327697355,4.9241557290169045,2.34156468266531,1.9329021129576371,3.2491621668658452,1.721813551705433,0.2960389060521229,2.349788957119217,0.5971161835842103,1.8877050715484678,1.2508069938065765,1.7239799170212362,22.28263915931482,W8C
3.99507390199059,3.007364327380556,2.299473721847231,2.8364339122655005,4.223747860022498,3.404331708860578,1.2062349360203901,3.7416302039457228,1.1630547314698934,1.8701296559095502,1.887443006238128,1.998825573112288,4.007248522088964,3.358973827599612,2.3704638890998595,3.094982646760356,2.132024057910137,1.5265541937909006,2.751750355146604,2.8030025704621866,3.653465639993804,3.1287297317551492,4.313465518560642,1.9414999290631874,3.815898662048561,3.9101239952516043,2.5254759956710817,3.2698407051769887,4.6186339188502235,2.7240070848846867,2.7957718300276984,2.128563247478401,1.1747353019631386,1.7616153162119594,3.4345273714659497,1.8004160267318576,2.40857248093537,0.6430153976210442,2.6820944760051293,22.283183636509236,W8C
2.7494124831442672,2.9424636531945456,2.0091397709744996,3.69149935211482,1.4333620787171375,2.7067674072978973,1.4296014197422464,3.6550074812983393,2.2329827292802493,1.5971725856513874,2.0996789696408333,2.529859980973597,2.248667629234408,2.597400661046138,1.9730923172683374,1.6073740971452946,1.2623879654363908,1.1972574569403591,4.689554760510779,3.5016958560889533,2.80162575940178,1.0673381191641442,2.7354946303547374,1.3993233846202764,1.0912910863314789,4.396296859796239,2.088081196856937,3.263366197748315,4.606793802595338,2.0956908004462784,1.7772818629542768,2.043788333391287,1.3100229430600314,1.2104592614935488,2.5694890851943635,0.5946024281413669,1.7703148035776193,1.5367048619646524,2.1407012305440727,22.302969114935152,W8C
1.9935369100461515,3.328941666556738,1.4802215228348858,2.829139828873154,2.442663679347133,3.535121095295213,2.5478759030891083,2.680466070646707,2.3276260573537213,1.145119642700746,1.6506874389836672,2.031207333609289,2.1911282311396674,4.370320125490097,2.5260541901446736,2.091907727782943,1.3678358720574075,1.50999363613663,3.8810168958785436,3.487439745308974,3.1680185327794295,1.5379678993652965,2.360785176180657,1.6063506348333876,4.982252585099283,2.132791062460539,2.9865842998978662,2.92696232018874,3.9098970982016623,1.5397065933463217,2.3785860673128183,2.323521900996359,1.300242741581237,1.8165075478388768,2.43327521196946,1.467954323790569,2.3372376422942316,0.7006676469633586,2.1886677851068956,22.349180496416853,W8C
1.663947868554082,1.7347203506575233,2.4604630863307735,4.705658217862221,4.297566808962028,3.093946960781086,1.0222468428103113,3.075499270592408,1.0660446711010472,1.3220857875862437,1.235904290004072,1.1601204272874495,2.2648498635055616,3.838300626213768,2.0317301523993367,1.8397184659048436,2.1769209032158092,1.6981892858604373,4.341109977209521,2.660037048004459,3.4064841210936896,2.799812530181519,2.8498125750712053,1.510276834366917,3.05096665902964,3.622593571740532,2.807355165912998,1.392729098727812,2.9952720017133716,1.9197762754233447,2.1583667638760637,3.1889412677344877,1.7834990958896628,1.0127197746531398,2.4043537190739004,2.8535154036298325,1.3176352170237458,1.7243173754069885,2.6651717182553907,22.3756769054627,W8C
1.5225217184396789,4.478724363984117,2.1577391371049517,4.01204830302876,3.2956374176104575,2.892221391170475,2.171820737245011,3.669419268943508,1.7512664684257835,1.7912338398554883,2.048447586483058,2.120318600581395,2.5411808851269626,1.295710885260681,2.014254055655905,3.0321401840876736,2.0167421477699197,1.1301655161096837,5.406309734258136,3.768585165663761,4.650483538682964,3.4352534850999814,1.8497344107399722,2.7290923321106346,4.234202596790997,1.4001491051325297,3.9880174669247532,3.1418961574164537,4.023090211846383,2.8327299153240224,3.3771964100330214,1.8919648148688974,0.36198270924579945,0.9304079298036996,2.6529738523531585,2.665874482552211,1.029435766510245,2.515949180134885,3.174902036792074,22.82209533346251,W8C
2.1251900275391877,2.0045521080938826,1.358647859129931,2.92508881577695,3.7381801948851767,3.3241696416069466,1.19662129055363,3.7782818759883137,0.9208490407250793,2.3463092378299013,2.5762630337928267,2.3840249544791106,2.153988405997461,1.589321241683371,1.5328507843933774,2.6747327697496224,1.1203362339082554,0.6716325604460749,4.508308730270625,3.360361026076964,4.019376923192384,2.9742539512090023,5.209066495675527,2.3976359837487697,1.6913538184864452,0.1591052510421509,3.5490108963502087,3.8723995997793828,3.346768089865352,3.1150191001034346,3.171478247029271,3.224307152019952,1.744473392980222,1.6705107150593475,2.7114119067847073,1.4382834645536664,2.196261646137339,1.7870648341364541,2.6415075105096872,22.983226580183906,W8C
2.6184196744704074,5.142293229700773,1.6722560075557824,0.938895981809944,3.8830311499306065,1.5819795419753877,2.6617473594385306,2.905883888908207,0.9674583255302303,2.3714330145230855,2.2546533776293116,2.2563454520525448,3.2939064212866214,3.337663590347104,3.4039726022454833,2.7364690309989483,2.5317973382251964,2.0801887490893907,3.12078208418429,2.6150824305123823,2.8040750170029294,1.8660883219479842,5.052992189802009,2.1268607959087666,1.7551833934426078,2.1994577554959878,3.980876742407685,1.7481616262075064,3.799143984332951,2.1445418969463623,2.656050492725292,2.0901610846832996,0.5873012449035104,0.6058101918942085,2.4906454050214126,2.611847966259265,1.6991969147475,2.6631887940046166,3.4114520519866476,23.030355745712537,W8C
0.335496265931853,4.910487907231438,2.268617150633799,3.666776207202842,3.3510246152440235,2.616600247878009,1.7956886406801595,2.1173480983926893,1.6322801434676335,0.7202962721848225,1.2951481138375487,1.9358588529284648,2.889966208108607,3.5602517604169512,2.641242657357523,1.8800109413349615,1.9398590285894592,1.9853780505149285,3.2026332994336295,2.917431143101433,3.1276388535529547,2.0113549548034877,4.213525114474962,1.7625429179829264,3.1790636037104973,3.6067165249885793,2.486696590427003,2.606531047989008,3.423547563606942,2.123112563181259,1.7946956266626923,1.0045121952932088,0.8198178151871744,1.0178097863024473,2.9178312557328003,1.2849512040756625,2.3663346905594245,2.6217900208270057,3.4099201042983136,23.06867752810791,W8C
3.640900140337081,3.610369885105661,1.682704392652026,0.7908939802583572,2.4654384717618107,2.4651399616288376,2.0686712768696287,3.225647112171232,1.7722150798802112,2.06598775254865,2.076678221873037,2.0485674964787934,2.7400338908884265,3.418547447364277,2.463021015176139,2.433310916488744,1.9581477654544677,1.65313601473515,3.128046060818856,1.9689261877174737,2.8038380135064993,2.437444075141608,3.2884519653115736,1.3826417034763585,2.2703494427321025,1.6520904785296309,2.445533100714563,2.5520064945431438,0.8722430284878211,1.652668702151724,3.614760557996208,1.5803784819378623,0.18361272329227063,1.242240397163593,3.4170111447892255,1.8508293059587586,1.2540868044975841,2.486987342546388,3.2716227804788955,23.08919441741152,W8C
0.9652813078895621,1.527220980860523,0.913045144971679,3.8941861708059653,3.8488542129480647,2.6965093890996688,0.7974992936668985,3.828023629888738,0.0,2.19274866913454,2.1378897496015172,1.5226010035395656,5.6319056746476495,4.178254620602168,1.39330166223084,1.7632203524399523,2.151564317807248,1.762001804127344,4.9219905889489075,3.4191965727086324,3.6975526847159594,2.2043014052611065,3.516956320585046,0.9608491403023764,4.863739604794333,1.4616297954740802,2.3325921578061823,1.1781820280018116,1.9140570656625684,1.3221878803230833,2.8183089365550527,1.748849589102644,1.037268083620813,2.0010088977473806,1.6563758844874894,1.8727761200229815,0.9454501678198977,2.806120914492067,2.688134710978875,23.12441230652997,W8C
3.8745755618922697,3.8286855233926236,2.4508742071319056,4.88568438625334,2.898421062484143,2.4145835184378432,2.328147189854251,2.7124505717207197,2.075266133830812,2.4024388808368977,2.0682452333134878,1.474744610356187,3.462055816779691,2.624354165946791,1.6720830578856403,2.3975203647874066,2.902193910732847,1.7415955186907954,2.1466075219109344,3.364989332224286,3.469788943800853,2.0129669473757903,3.1435965127524734,1.8359083273487242,2.1225172278144866,3.6626121336075954,1.8896434468585253,0.6651356858324742,3.163766151281357,3.1716285734898717,2.433439505155439,2.348921232672928,1.4330605331969597,1.492849064022421,1.097463081777739,1.885405104933891,1.393286183860529,1.7433094119914205,1.9877712453421164,23.35366675133306,W8C
3.047676860728703,3.9835075320361666,1.6796287613485663,4.259743415427897,2.889284191492256,3.0155925033598767,2.236341861170893,3.770112894735732,1.887891644402127,1.8351968412256938,1.841499316839434,1.7700209467867223,2.904478609417818,4.018649275934882,3.0628258651345988,1.9677661472164136,1.3202683295022317,1.9376344401718515,3.887224821997536,2.817802502668886,2.6566641893745198,1.4178251811551341,2.947208405062305,2.1132113655311073,2.4032166721951738,2.823643679590793,3.4562371935633944,1.874000139997352,2.472105021426922,2.030965640925772,3.253682787147149,2.421271244683468,1.0516430238817915,1.7949263508989508,3.3039430620300267,0.6527440880652629,2.314551344610177,2.486999193987429,3.203605764427891,23.525518003929477,W8C
2.565380404510878,2.2628102211064807,1.5706881916574724,1.9123322249965744,2.1082523533331248,2.630594626721323,0.9111028354889652,3.4884124418361364,1.3393252039895316,2.032026125371665,2.0520516751596087,1.628145948907543,3.1873449514447922,4.450076171793744,1.8534700159206594,2.294672273371523,1.4175121787624867,1.2169925968296225,3.0595940965714217,3.134480466580304,3.640830037771442,2.738717684534281,3.588210550117175,1.386415714514742,1.5020886706931569,2.033179792083461,3.1333793987227794,2.157649731364569,6.6190355813584345,1.1469408316708538,2.043432828066149,1.7121310797954652,1.2470317372314599,1.416213644667809,1.4799728646256995,2.3931674938616276,2.034785808864007,2.116776243501913,2.7650758687608374,23.669470680980503,W8C
2.490111820458843,2.098948291026251,2.5451125776048746,1.1460566750904104,2.468210667583737,3.1802712487516924,1.6824170550640307,3.12064668086273,2.521659326267286,2.178221499274015,2.1807533629821982,1.63826987378307,3.709208953637344,3.621147706401171,1.681127654484643,2.715252329093321,1.4017794383116686,0.8695373969355347,4.9387540405640395,3.8612253988694283,4.0305517166744425,2.654499893966505,1.3835025838844721,2.0789079237322,1.1307832757310334,2.6670282619499903,4.136736983424425,2.8125582253170105,3.2770699401049126,2.0838038119407676,1.96650018134243,0.7279536412649632,0.931654356550812,1.9727973602361686,1.8704692092644464,0.8289804640537204,3.642833570029331,1.3901278672854969,2.5736613025780377,23.71878816961188,W8C
3.4334882636375146,4.581458364152722,2.749123081725661,4.279152468553136,4.133051153407238,2.7396379205668775,2.0392195445265697,2.039787118386818,1.8356489166633216,1.5249704566891502,1.2993579613576016,1.017643513173463,5.130920640051244,1.5514424309865533,1.7982137663912114,2.05879194237518,2.1979797153640592,1.6327587622292268,2.9875438413508864,2.4573485341370076,3.074656376257687,2.3158121975430945,2.5922909404624357,1.982778318740296,4.519284916157344,2.8223664247633993,3.463659419279924,3.1934033008644573,3.710863823363473,2.238086985245514,3.1848802371647995,2.5573822740720793,1.6249064306570193,2.6575633506248963,2.6291934331680915,2.1054084643198454,1.5934239583553906,2.8129192029755403,3.273977635416194,23.797201062817674,W8C
2.6754220671595403,2.7514081166746975,1.1465261985649793,2.8973673112765526,1.844893546291722,1.7752069668008668,1.531376284588549,4.106264511733336,1.2654033909813711,1.1858538053157013,1.4362759784602734,1.6799157716238173,3.9100152482932318,2.935735054923053,2.302673626069632,1.9217316180375172,2.097647389230916,1.7197952006342876,3.9478553352181653,3.5940938412662686,3.2244811857574858,1.6557769332429917,4.077061342586911,1.1618709294712113,3.2804536399675257,3.6072759804187924,2.090815753453657,2.732047071997169,2.1258473365388664,1.781025665629421,1.7028641563640858,1.4754667759609956,0.9423902594952119,1.1444262578949913,2.9008900632907393,1.7860028899196791,2.796250108002783,1.807526764275272,3.435668326757856,23.920981728157905,W8C
1.939014784749367,4.362583623940735,1.1840701515106256,5.332798706617354,1.3501178805696163,2.4214136272221287,0.999198616532103,1.8034618038822159,1.4322035073271682,1.3345524703954763,2.1100017026597477,2.521183647937482,3.0897863792314744,1.4768438269419846,2.484897526935451,2.5749293699280478,2.193403014937477,1.7506173449847073,3.2554177003438585,2.278029437146631,2.5445538812457795,1.7307704716556893,3.05304002109338,0.8737531245056593,3.3234262071760527,3.8849308595635126,1.8100254785213954,3.5252942345462843,1.316412120103739,1.7368475431712773,3.2005524951818947,2.674267899959757,1.0672441819719194,0.9943979963612639,1.9529799336432694,2.504709195321144,1.2358092181967884,2.349246547910629,2.746012729846706,23.926877488816338,W8C
3.4823397604150945,3.051105992821663,1.8808340452591712,3.6538667585056874,3.5944171515174226,1.9903690612159326,1.3263915784160576,2.870672643944995,0.7447375621412711,1.3300341634687254,1.5518927399446953,2.1416123367201587,3.2513341677822782,2.7170768592913057,2.24831646234521,2.621556245022288,2.4809537529880936,1.6211081915608068,3.6819313949553147,3.3317911758854732,3.324353217623225,1.980483515435337,3.6352374353057346,1.855402346001421,3.690202143218226,3.9301135099268665,2.8838574762379574,4.480124258919789,3.4579869821919553,2.5071005113367297,1.465986211508524,2.304538423618535,2.285153781965333,2.3258274932176723,2.421304508038457,1.6905715726000532,2.300130080597408,2.329131633263164,3.1142764963359038,24.175321409354734,W8C
3.476088443553396,2.745460779265821,1.98914726778592,3.044341263277471,3.492502223358742,3.957981937265305,0.6712537788643425,4.616185020876161,1.2124351304817365,1.8020560096096006,2.0986345030332796,2.266927284654093,2.2322751845531235,3.7955403865649746,2.182734267620839,2.286031788702542,2.04512617231829,1.4315324152829425,3.8735949119711575,2.255004162728829,3.415453227969074,3.0255096085999744,4.54141744546304,2.7572229878276264,1.7682667760839643,1.9551092846963787,3.520888600581204,1.7983475297399365,3.3100909977737216,3.4710967436077853,1.768094826752173,1.9199897569109794,1.6323879401433103,2.1442194889027695,2.3535614546940584,1.7005766152567015,2.602937371803821,2.37296423921072,3.5079515537459374,24.292481725141077,W8C
2.2060897367551493,3.763670493819707,2.037659043508222,1.6763951873782998,3.1127528173918986,3.5041038656614476,1.693670714348407,1.984635812076191,1.9740623411751905,1.1569369772781415,1.5689985405122846,1.979048781904123,3.839582556917107,4.790391966327255,1.6474528807998305,3.1334140426459194,2.1034031509540903,0.9352502065440824,4.947354356860062,3.813893020448477,3.9241207259710746,2.2269084276629583,3.013639836858682,1.0272047008193057,2.6673818790010397,3.395489883109353,2.5712609524193972,3.8848231151231705,4.927137492290596,1.4966290546631633,1.6792167856439737,3.1170830744208144,2.41001226374751,2.1552173400540893,1.2112371968249684,0.710140602407221,2.2034744241625983,1.3572429586565473,1.7938577403705387,24.30278066453479,W8C
2.1088976246292512,2.740564274726019,1.7588748136054044,2.4678734799126394,1.9788601577403302,2.7625405839361274,1.4177496087180277,2.0108635446275445,1.8962119554858015,1.0210438667151296,1.606880649707032,2.2873781907365225,2.3520925733735645,3.913405673117811,1.7534075458070926,1.9093053362701835,2.15833896330043,1.6007117796944699,3.985306373278986,2.9523537684352856,2.7094805158077104,1.4855159246415486,2.294780325849148,1.9449637285215426,1.394117685410741,2.1559416133528564,3.217400011376926,5.128886481544579,2.6786766483884477,2.225185070427383,2.0718003528814837,2.238512476771689,1.9575528438613614,2.597938786005864,2.8405315153501314,2.1805730681705917,1.475417294939835,2.6460245256976975,3.079867452029598,24.31756535885087,W8C
3.113120510294496,4.9496128185277435,2.2196249487877537,2.9768597206950647,2.6094133430208264,2.776058694896647,1.6768049278605341,3.6799622449930958,1.9937116875272884,2.331354869652138,2.710619568684515,2.6705216975393347,3.170232992714704,2.673302492042944,2.0848203369445786,4.080083883049293,2.0808279855262444,0.75715285303892,3.009413980922269,4.065549035197786,3.318837712322223,1.540474783519215,1.7575089337664291,1.5178583458900365,3.936876931851203,2.3194819945160337,2.640129272933744,3.8637788501596244,2.9164359565604503,2.151274088668046,3.583965573280193,1.6508499556997442,0.5703813377034168,2.275453873609858,2.280434023200886,1.0148870020769767,2.4198848770754666,2.599067022689138,3.0852921804731133,24.339225970789048,W8C
3.468840194035153,4.111904409403823,2.0141107008004075,3.772113339295552,4.119430501962501,2.679277809827454,1.9875866873432018,3.863192849494732,1.3102127982687122,1.7299707299817666,1.885281722052287,1.7297662118780266,3.3464453700403456,2.5502347364931035,3.1152387767837038,1.7826696722816735,2.8345944198673676,2.5328967115102,5.072150085648571,2.292761234122966,2.3157229043544993,1.3832251584694517,4.051817140366436,2.3736949647496774,2.7266059291556344,2.760948972105345,3.947883558088889,3.5140216860278883,2.689793428789587,2.4137811525923136,2.4190486021322855,1.6634271787626338,1.3216801661573967,2.1708940642881354,2.011804798599788,2.143327065852481,2.1433310434140513,3.1867531868275507,3.5614501429002794,24.40507751377352,W8C
2.1727024194348643,2.842849052998762,2.0202517315397293,3.7330911751468734,3.8531406099503607,2.9792566286372466,2.5070099852029277,2.3203121418199344,1.7629916241455286,1.6199792685702192,2.1412206827643816,2.4336475665740576,3.919647724611139,2.376276042983092,1.9536611024757389,1.7922330589372395,0.8897376102805645,1.1489187632979172,2.8666003213710356,3.0093578896551065,3.0514041063516166,1.7005543644786911,3.4237093906052936,1.7011362219549724,2.6334638880953016,2.3392647149625123,3.0332825259693483,2.8838463637625114,4.244772202485488,2.153203319506536,2.281884151440555,1.9640665502425758,1.2476512862030404,1.506370913810773,1.4386370360949128,1.95765840050424,2.122836263047728,3.230940550348165,3.2995752186384086,24.564550373679985,W8C
2.1518868324482323,4.272408155526104,3.112146349574397,1.7779010668079023,3.017539537197853,2.447076347199175,0.9623099420680372,1.7310147208790037,1.916165125447444,0.4127910313684242,1.7028754568316458,2.9902640496789976,4.522029099874023,3.8574713219138044,1.9609113453459075,2.534657460251327,2.8983057934576086,1.8499244623309647,4.191501462314261,3.3494896011363617,3.445913171111422,2.157485261673422,3.9402937784716934,2.1357761198423875,3.78279516336941,2.53267563517238,2.9700324464034753,2.272110656218828,1.79565713929251,2.7521517924627643,3.365667519935088,2.0435942584645495,1.2562605269233937,2.947262921823654,2.0313853543492364,2.617263978458746,1.5539293496920576,2.4962604821948315,3.0009952370012623,24.580168332132335,W8C
1.8881151753401513,2.4138485022916694,2.060107743271717,4.176954416164024,1.5154994163321582,3.09976670080761,0.826790500222923,2.815370609487949,2.238332102274331,1.1603057896356215,1.8783722168550623,2.6546210628377023,3.4865654614073645,3.016384535307023,0.9465488710480567,2.2270872421859496,2.623594065827654,1.3856903167494425,5.907884793326178,2.4817392153766864,3.672638272369632,3.1386789778778503,3.3102417827417243,1.4651622242252775,3.4259742434729836,3.282092517307599,2.515378285321809,3.90920815141089,2.0334925176446763,1.79481881923162,1.6651760586364632,1.7383709958651263,1.4103299732458785,1.2954913447239738,2.0283290525956996,0.6971076671782872,1.98688865823011,2.1225246781702327,2.345415325948309,24.596249699765593,W8C
2.6080190959548024,3.9020789402392686,2.175472373054873,3.543686986727725,3.2189035249116995,2.805953731544924,0.4354181723988808,3.0177529215821073,0.910320993492379,1.1913446800637373,1.4870792984317223,1.7942470426890618,2.6382996878727383,2.6805334106648115,2.912505953772275,1.9054838842064248,1.6222258060351022,1.7075845421490552,3.32358211616015,3.058886730265168,3.76913636273249,2.8024681032561785,1.9429985222096922,1.0691011960544172,2.4102922749622793,3.284626670812858,2.2762457282318724,2.195133128379902,2.2152320925138325,1.5776328314828447,2.2192115147841998,3.1361970643756876,1.8772017460632706,1.1271519269120063,2.137936135303596,2.045023617747524,2.151485014147341,1.578431933976801,2.650490654150912,24.665731127085994,W8C
2.357776047776798,0.894372978550626,1.8175938185399785,2.516721786501509,2.5005611713082194,3.530555190351002,2.5835649899238966,0.5330228304065567,2.4628193465729673,1.2963232074723168,1.7806064866119267,2.1754651535172624,1.2400536298539386,3.577485156016288,2.7105261344117393,3.242750254659432,2.2183308338676393,1.4512773635169913,4.891075025327879,3.206220858991851,3.464517700942313,2.0464895649742783,3.222236855309578,2.341026130534254,4.956149702457635,4.112502294392467,3.355973712313272,3.759923160921032,2.009068873755968,3.0649694456359713,2.32471316885137,1.5787463224448182,1.2057257158730332,2.261756609826815,2.792856668922168,2.0467845629839028,1.705729582825181,2.466602682236065,3.184694809995053,24.809108207488414,W8C
3.4172329214870905,3.802234844882707,1.0936825607557017,2.2963933116554838,2.4891589599799855,2.195031776642335,2.0278960944040545,2.662735684992107,1.2334377426751653,0.3258481930041257,1.2442579009308306,2.296458124631262,2.4137902346398676,3.2551908969787413,1.9688482988517553,0.6163584716423212,2.4751735540926285,2.2554259670328682,4.103288101070694,3.0232714699663337,2.9964589525849488,1.8189365483342486,3.0682705289386063,1.3671640860092735,4.0140607292883965,3.4151484845144973,2.511047470347516,1.2029058272719886,1.527311902973579,1.9657690474522593,3.295596669895796,2.840891364870084,1.8206502350273297,2.736232880158045,1.903007980099056,2.660139979262028,2.08129038413894,1.8912443168454955,3.0964873730626414,24.963349098818764,W8C
3.3311027132112954,4.051138133360329,2.1592522538078374,1.6338282863072595,3.108218453765549,3.1879754188316345,1.649703138174762,1.8846042128025755,1.8987727254082525,1.3821939127079492,1.9934112388598701,2.5407513253034093,2.1373299798708962,3.4050695992486326,2.1602183637463988,3.4407294159213135,2.0171689798560775,1.1170477168430055,4.240584550890059,2.592456754708191,3.45694278363188,2.6915093776565624,3.360834673176422,1.810350808667274,3.041904932786322,3.8764306779993065,2.6932686448778025,1.9040745276153914,2.6288444491682044,2.260735330992662,3.617546954935377,2.4192118122446145,1.034608807315585,2.137595291909994,3.0948968082513573,2.3299184940971647,2.0458948653773086,2.126468249487686,3.5330392899951035,24.98665841833958,W8C
2.494733172631114,3.1300421185887557,1.2724644345945006,3.0442421928699313,4.248429381853024,3.4235046743080533,1.4368473080275574,2.8263824226478573,0.7561587751883407,1.5970135526456977,2.3269685762580514,2.9301482771140193,2.3948913123948947,1.6431734609376691,2.543644235708805,2.9445024842359233,1.5382959393417348,1.3479367624993266,2.5602586649907026,3.0855580103400175,3.4449948354431146,2.404434505242531,2.523175674065606,2.5227951620148596,2.000361533661258,2.976193169318981,3.382827566286431,3.45514117640923,1.4554008481349614,3.0924569658673247,2.7309653711750985,3.1104461704004236,1.8960613820602343,2.0902162833050544,2.158040975853119,2.0139845074645377,2.301567402129469,2.7954578285751253,3.510047844091268,25.02149305823152,W8C
2.655374177352748,2.8044469981098814,1.3558474086073367,3.5677263335906333,3.379598233617725,2.839756642648089,1.7704949119055233,3.723105110218011,1.29780351399659,1.5656764971608872,1.8834347618282183,1.9965408793677712,2.2878925622272357,0.6564526113482603,2.7333282973741033,1.710573345849768,2.732286276707838,2.3631260592602956,4.930693341956158,2.734164654918761,3.515645787584729,2.797509397481673,4.392582465747874,2.1620690463040293,3.121111786114443,1.7375712509817252,2.996224311130603,2.050058445673579,2.6029846135405785,2.5773963937362847,2.3849410064389085,2.003491991253823,1.3071373483199622,1.7762333146938327,2.943940461508364,1.3045040820418645,3.389954022083022,1.5533073716938144,3.0268623464823343,25.155883496619825,W8C
2.138275739822977,2.2777551181746847,2.310266576129523,4.783370865358943,3.2451304700845283,2.3231605946296656,0.9075467685382672,2.6525707665283984,1.1488991511818942,1.1107854134690087,1.2590648539415072,1.3500389412548608,0.09775231995914746,4.4511093286216665,2.1295095004190987,3.779769466516114,1.703864245955711,0.8846588091050354,3.259096393394349,4.042712639774278,4.857161407466922,3.5414595924713854,3.642172197745032,1.7651613911262065,3.297927634979594,2.016297947459507,2.733392143051373,3.118730484194423,3.919816994690124,2.57943099897191,3.053453341576504,3.0865415914177623,1.8623167028482426,2.1541341177597397,2.9931503196569365,2.4390902142209847,1.8359033499579116,2.5030685486274287,3.3102955742650426,25.239168516030748,W8C
3.1991910829717547,2.2325349432952226,1.2488246373859386,3.6095949605166777,2.731372327040598,2.81121788194539,2.1647514585955743,3.1643915336908024,1.6967520219090446,1.75400927107619,1.941918271426177,1.7790948515164275,3.3663543454391753,2.178283862683765,1.7602648708395823,2.2079699740458363,2.271133551370605,1.4295184128104825,2.9579073474495594,3.4936396708491255,3.771883545692482,2.4007384529974027,3.55529696005388,1.9247391099823608,3.744826141708856,4.39783988871107,2.6259338479446983,2.892365983011411,1.929431107718913,2.562158771829578,3.9288845849587295,1.6080589576857598,0.6478124128559664,2.393847070913579,1.7967825071856038,2.3514153061872136,2.241389737846985,3.323246469057458,3.7082303709521445,25.35332528068607,W8C
0.9214889229339245,3.083611689182298,2.5433786106240373,3.9741476415798664,3.543894173347141,3.231712701927577,0.45936888419858013,3.541087841139486,1.1816591954246016,1.4840951636366704,1.5388242820742615,1.7712692619071977,3.7911537425075506,1.1654770306825866,1.5103394737912437,2.617319937287731,2.01483134596544,1.1163656206104315,4.391585614384265,3.3230806739845367,3.98149328708013,2.848856372974674,3.8577611131003597,1.8932628939217326,2.4964722713928724,2.1468885350451994,3.1830298506517263,2.745386760441469,3.377818511788405,2.4413090236129866,3.4895149150096993,2.874415155081205,1.448916469905716,2.3747344802691526,3.178283975533384,2.4893659067205895,2.786903286381139,2.359337910187578,3.905734789555172,25.446234675721673,W8C
3.4439103571652856,2.769193067383351,1.780527675762782,3.570563342150308,3.6736865156802163,3.6995553686396865,2.5115555393958138,2.8188183389146246,1.9255894593646752,1.5082455692781775,1.9383866050466387,2.2973089586276707,1.311683326360003,3.4752913772009886,2.5571782500777953,2.3807899105163206,2.9094439954043154,2.2555603018553976,3.3151157555094857,3.343106627623765,3.7180469790547948,2.5094994781805546,2.850356055701329,1.7446690333936132,1.6590017433131465,3.542765963205376,2.379497821826595,2.73924171422162,2.5715824062920123,2.6290849291930187,2.746528767353543,2.039085431894764,1.1659675836114527,1.6375215041743665,2.1689477172198153,1.087173037150848,2.103724816102914,1.9776019990065425,2.4135540872982872,25.449676269111105,W8C
3.642256618540676,4.33476370979731,1.7883858758777036,3.8640095107190473,2.6695131601573343,3.658458259937167,2.1251985372777167,5.328750188701503,2.070331621566989,1.2258865790859197,2.2235025345892003,3.0688574997847167,1.1870850940762447,3.503240379636315,2.419091142968309,3.1336873275223773,2.4265780473869962,1.6737771601835987,3.707403664476237,2.4741750331418038,3.3563606087128757,2.857956651231473,1.1511164645478453,2.7014543815248655,1.5827193703636773,3.666658291714853,3.8477068342214165,3.894705567718966,2.832102270855131,3.0678383132049856,3.0426216415740166,2.5650539134885246,1.9353246369064618,3.1121701812388305,2.1313708477641513,0.9806345932499201,3.315525155164702,1.5533685876079624,2.806683214712726,25.497360764254797,W8C
3.880372539164213,1.9236429220512958,0.8059798180824931,4.0983785651921885,2.266804782286384,3.385966702628993,1.0394968092956312,3.4744488040853496,1.2792566697270054,0.8583404345088756,1.0459088294979995,1.3464098099086812,2.1679043077719298,3.7651789630291708,2.9356823798874268,1.5245588714946279,1.6281002526759574,2.193177800639365,3.9087481689655927,3.043713900037853,3.20209723722774,1.882246616813104,2.5851150460746193,1.047986805161095,4.219353589393276,1.6117421052301382,2.0803394486498497,3.700921669515314,4.794862150518901,1.9425821511325891,1.3079886005275347,2.2148264734584764,2.2950565183949188,2.46334885665871,1.704632062743871,2.1936717727393127,2.348272607742279,1.7764336005546908,2.8477864694823936,25.629729602190356,W8C
2.939205294388318,3.772508805057699,1.3645328536229817,3.241139771581745,3.6140898219976916,2.212832253234053,2.0315216568490477,1.5259836046712236,1.0088042252908251,1.735166678844407,2.2600242415821876,2.71387537773344,4.605609564865928,3.1868184931099846,1.6997663032948191,2.628378364552218,1.8760434799926569,0.9542078970958807,3.546451107820367,2.725728626510202,3.301103370850053,2.4910967324657416,1.842077254053489,1.7764644609610272,3.460893088321085,4.316182057872936,3.724302724548337,0.37282810219513474,4.319931056080359,1.2299057745347248,1.6604223541078118,2.8568700955305246,2.1029252636109828,1.3739300584623724,2.9285102720334484,2.152117477699327,1.8965042581648277,2.320335163890186,3.3504670789461874,25.653551938472265,W8C
3.9053433921203076,1.4625008015530596,2.239325982685179,2.8899736253621646,3.032063883157238,2.1245946852649067,1.4982766213692582,3.1282465017035768,1.5761567045976435,1.1763904209644926,1.8213974053918625,2.277794272531536,3.7237738707926082,1.957377307944609,3.1691837682899795,2.2846759335834257,1.5866892889741975,1.8811336274314203,4.1438305897472985,3.2622139438018882,3.1910424346661657,2.034069833232971,5.254081557118405,1.2569311696240526,3.6469404261655702,2.6949199624607973,2.373618986298511,3.953389372918184,2.3977445292091826,1.4592741768569981,2.7183160033503566,1.8447616029269998,1.3522466135541489,2.292111723611685,1.8711128728011612,2.3290095634418684,2.2818335191642225,1.944350120465523,3.0066894764878,25.674837255913072,W8C
2.7067843286288698,3.5067750782160783,2.432836054063803,2.789861289568349,4.353744855612392,3.523640447019802,1.3849285910473998,3.5023298053735115,1.2200891653444539,1.5934294222489935,1.9546319546251798,2.327321050956545,4.331837585949253,3.572413109437174,1.427340033435707,2.690092076903854,3.6662016480169504,1.8389058745525837,2.37063586351809,2.997231230955458,2.427046504629254,0.9245723383224465,2.134287481449059,1.4625885168317696,2.5927080161946185,2.8731696841734125,3.2086119093956658,3.1845836981038134,3.254272104052382,1.5558105619207767,2.5423596338680783,2.508855677394063,1.5757999794919788,2.321223477370582,2.407356273420281,2.6864617956880252,1.8648422353849368,2.898728163369045,3.6445709052278943,25.790254476852144,W8C
3.2957327001601673,4.428402353725074,2.172035621056528,4.3169525035932885,3.033717320035441,4.21024157266595,1.6661340004072196,2.56928803834856,2.173771298891771,2.2355618082836224,2.4745455127370626,2.6973051484175667,2.935517954397407,2.515788977868482,1.9160410469962743,3.8017083365052446,1.4294286028513605,0.7910262395955521,3.0019088229735647,3.241806397089308,3.0311649615507816,1.5407545356695942,3.0336644013383216,2.3695387118749203,3.4334423809966275,2.043871298782225,3.1977653812918168,1.8015956273396596,5.417221501904559,3.366229747566739,2.8878089329100467,2.963143002574924,1.704193915423179,2.2033241272276136,1.9656459662876773,2.2761459307242173,2.5436170266726363,2.650341855771883,3.5126571814539993,25.83499991483336,W8C
3.0042498048779307,4.482480610784467,3.143230724829748,3.791269079529338,2.7503788314815965,2.372045412490365,2.241719252417554,3.3373813934902357,2.7020159705743,1.69463836162935,1.9748768790191629,2.292733941182404,2.0191866948449015,4.680199045326788,1.4200309113589777,2.8383002792500283,2.752378422526222,1.276235802201399,4.3627856706197345,2.724532926824134,3.2193441605356337,2.3969853384587223,2.3983597323995944,1.293877887657543,1.8082133243771952,4.297792363459751,2.1948034002283165,2.686221662027975,2.8485074179848784,1.8979196830673848,3.607042968235662,3.197111956535524,1.2239391038664575,1.4932781098809698,1.8317783782716135,1.8699915020029645,2.188427930029774,2.1250703054386406,2.8041457274583355,25.837927565336305,W8C
2.6155341517333808,5.308443726258904,2.3272416573753776,3.726605597821588,4.256657986684237,3.052029826744928,1.686781500955032,3.573991627863437,1.3301601344535285,1.7931589519520597,2.6126637109872903,2.86308001886399,0.5124104540234766,3.5284438063894448,2.502956194797606,3.832723683562656,1.5265096633661397,1.0067174113600303,3.4532993401755663,2.9545807476531807,3.780146735929446,2.727988004095577,2.9335733037430773,2.437184544687842,3.1348623498618826,1.7150069925414946,3.082273212712632,2.2746589299558186,3.164046294846027,3.2961885617361375,2.9240603041849047,3.0120411376405443,1.6432374146877766,1.2314953359835223,2.2887022958530427,1.5181600169918215,3.0265190461751055,2.423115755948858,3.395603761401324,25.88785174689151,W8C
3.023812515009186,2.1069566429972038,1.4257907276418198,3.8178101333165277,3.3985610152472763,1.6264926783472107,2.09934172865371,2.0505642837779985,0.8294291883591418,1.8303934871943515,1.9032011326844587,2.0403135198824573,2.9622105800940086,3.5335146223297924,2.2314467206560127,1.7424453819499286,3.0268595276648615,2.2662188894832473,3.8664423377631776,2.895949532435888,3.6676998367168157,2.917522445114074,3.121984489481042,2.121365189841697,1.3821504729154535,0.7482460817895711,2.9272990951392774,4.194562557508256,3.585401044897138,2.9209823233223506,2.6478134475164907,1.7061981856863286,1.0551713471563178,1.764137491441784,2.278971829717472,2.783187721878163,3.1727499539530215,1.8681413210953175,3.681602924442343,25.954001079704412,W8C
2.575201029898625,2.296928065754332,2.0442194007000416,2.435100793176205,3.257846100894011,2.5315504328771343,1.68198208291402,1.3588767965842259,1.3959499856312987,0.3917530062659802,0.8823952808091415,1.717818337715911,3.631281421859984,3.29185349101434,3.2132702113074094,2.792796925206984,2.899318615354439,2.382799592308451,5.661729788366521,2.3611135353326915,3.543792675232666,2.921334503464397,3.128790904433757,1.3672054361607524,4.338164851620704,2.6114976193281927,2.136271720597084,1.8205157219618426,3.4936960972848525,2.0002680160098207,2.4567045706510946,3.257017175626939,1.6899639966524471,0.943640840500239,2.1767560958576753,2.821623259580911,1.6910857901719036,2.553974574791322,3.3191787315222703,25.96805871311451,W8C
4.181063194661293,1.7349975709925807,1.5045057935690749,3.117761595836666,3.9435094978462626,2.698459192456617,2.2491607932449194,3.1034486634391993,1.1462264190535578,1.6324666154958039,2.0127928312012706,2.4336264683474917,2.726941442486928,4.128018111330582,1.8128332721151486,1.9092820494492384,2.6135205695394372,2.0571990778056763,4.996524367761864,2.4250410384035335,2.9161627667892973,2.1841737008771895,1.8230208682593112,1.9609716513422724,3.3934182169549034,3.994966856282859,2.4944610259564133,2.562165839913186,3.393025332317813,2.8244134627006163,1.4900610823622236,2.3161816126925494,1.7551277452878777,1.207008185697454,2.4390794512724945,1.4559833319398157,2.7102728797472584,2.4660465198510986,3.4079845818875993,26.102781155329374,W8C
2.755991106182592,4.101339043844112,2.476966766605443,3.466515037780026,2.8073765669983715,3.3232322967820522,1.5234961605388322,3.9059853597055487,2.1796036746188716,1.8072629794753634,1.785480397617553,1.426158058760198,2.549441441238427,2.542029445272862,2.0733439304646506,1.784088807826028,1.6485483966411023,1.5214399554775127,3.639643540084135,3.107302492013564,3.098715618315697,1.8116902106154502,3.2007972859199825,1.3755505498618454,3.136745906083057,3.4651742736985383,3.0256959435924897,1.1101166809215863,3.8781374984644756,1.3896617223400258,2.0106891692902416,2.11126430741405,1.911518475998489,2.0612405507731224,2.0093569915234823,2.5600686941010538,1.8564197384508645,1.7841723227096054,2.748355994912152,26.14425032490786,W8C
1.9189466851760153,2.9447233858333752,2.045140482085025,3.952688682606625,1.9400921348948121,1.5521283518800302,1.641153400823819,4.514311659384316,1.759106133080156,1.2900856028700758,1.9538693051537241,2.336759639970488,2.6569396727515944,2.521277844855888,2.876542000808348,2.0700520861779017,1.6611083005257827,1.7686452051783281,4.931970237438927,2.8183381787288257,2.975331535025792,1.8453890342359736,2.5290713270722978,1.8821203641832778,4.257511514070886,2.8587495436728743,3.146575893353934,4.659658181987459,4.117473331740733,2.3864633095945313,2.017092142881183,3.0653622826023827,2.271862647550666,2.1283438979968947,1.122689503770721,2.077059352414039,2.4823016113308483,2.2748171993634365,2.8160322860588702,26.153557256304303,W8C
1.484403869637206,3.9164606078755915,1.7978739328177173,3.8085819514210444,2.6276943608869847,2.2314118901254973,1.7178433975609195,4.199245007885485,1.458230547468821,1.6978171193107727,2.186524810901313,2.7409243233798497,4.640763054556085,3.091811938905603,1.9949658692716896,2.3702009222364797,2.5168678134910687,1.606752131558876,3.5825336989279686,2.873586770404299,2.5841414061427312,1.5329791415794305,4.429526233293011,1.3413698092415909,2.3329362325430045,1.246913026445111,2.8872974272494463,3.45104150914949,4.037277310074931,1.4518645679233027,2.2485952249317247,2.059954017625577,1.2721413060873492,1.0382837606340982,2.3101304740429462,1.9658136593445414,2.199896835559851,3.3943030056296184,3.667828723921276,26.36611832345278,W8C
2.905192649182974,2.776619071019873,2.1379057728412665,3.2419035189847913,2.403977606684585,2.290332450120747,1.6280258528830243,3.2973286667440296,1.7761441774088014,2.361988122539918,2.795867231874018,3.0066775804424153,2.8981931372454457,2.3815739870107198,1.4536047086323927,2.544826800591954,2.469996174065078,1.4534217730695151,4.463034786953724,3.490935707068478,3.1822751380785825,1.7560009896964819,2.644559884754096,2.05324013160867,1.1624287487341185,2.261459933021957,3.5830556992292584,3.1709382246099738,3.2248319812379314,2.0610580801960836,2.0109354312761143,1.9470013994577708,1.3445618307828788,1.395369752814469,1.859757205145823,2.026135688708145,3.1899709233368276,1.5579235620273448,3.067739411803114,26.39269919364137,W8C
2.355024400858931,3.7928924352310815,1.6142169830456603,1.7767245104346772,4.301024383525501,2.6061851218089234,1.4507707720849032,4.278509375799431,0.5637653173234081,1.9964564859628595,2.569093335517617,2.621829293625078,4.5045453711214325,2.181568430346894,1.908417783736109,2.6848075455571863,1.5941251881873115,0.960451981770156,4.053660620439177,4.659611003403442,4.015185322153034,1.998411096696315,2.413995101384769,2.324402061347193,3.084677649631518,2.9447978649522843,2.8691486454490307,1.0661673843481374,3.1407428476738946,3.2278173064119544,3.2658622029260354,2.97933661613876,1.722773480071987,2.29678399433679,2.776161526270923,2.681016573569475,2.0051973187794436,2.9631465520171294,3.841502968772237,26.412062765655023,W8C
2.61032125819375,3.3881600399665794,1.3763193856156366,2.504000206857777,3.8380889460789556,1.9775732365304068,2.1933813930126256,4.2361525184601625,0.6639985633078833,1.478289415322728,1.7376608275679184,1.5991256421768452,2.9804723779543427,1.8357760963979002,1.9361335221767342,2.220475709924328,2.368068928682982,1.790335400207765,2.2587761596451648,3.0569115858639337,4.597974598186636,3.9342816278495425,2.5452820146062685,2.218290759724181,4.862213882568798,3.82313336213802,3.2634035752100905,2.6988628921147355,2.8845942058892016,2.4998598408704167,3.1369012201973154,3.0241403402529565,1.6431452302547618,2.2545249787703274,1.196768593537712,2.4896573065823353,2.8323715015115627,2.6659919385265543,3.5495669224068087,26.612980254520814,W8C
3.648504578652742,3.229810914127676,1.4909203429713305,3.213327360264344,3.2316911672442323,2.8416473869215335,1.7421143299144515,1.6698364162426813,1.2768156200608154,2.326041797598302,2.1294209667259887,1.4278882545588873,4.362853606477187,1.48819939484922,2.8585565093650156,2.114298909091371,2.2762943054818234,2.1314732591799928,4.54728628663279,3.0901059164769844,4.196350406793275,3.579112929625688,2.1547088232827774,1.9474940361149369,2.783400312611451,2.842551774690711,2.9610973989525466,2.957686903781416,2.8089721609617424,2.6881340053764022,3.9699680992114326,2.4154146630144737,0.6906287018539399,1.5200593701235547,3.169573590518024,1.545991535540543,2.459757474061664,1.9909341583189346,3.359772605908927,26.614311281871906,W8C
2.7925895341891107,3.6653023393075657,2.1504164434907684,1.5120209438737309,3.4772403056111285,3.4735581430377542,2.6222471761337593,1.5633886162967037,2.2237820256304315,2.7102035778104847,2.433424578803095,1.825636812430214,3.4367122875333918,2.588872365794899,2.107909346998203,3.164430821228225,2.1356924033802853,1.1103371070021812,2.825012511599333,3.1324524982084787,3.42645404362268,2.430073830259059,2.3427435975335253,2.4182459257766062,4.749982458662869,3.186074153906815,2.743944587438258,3.123571346456171,2.7885694144776396,3.373905901306652,2.8315669312005025,2.791125995256203,1.776451050049109,2.2909258837033164,2.4258005853159736,1.6628852521431754,2.535232392142561,2.4823605108288196,3.220028687572336,26.64626019830683,W8C
3.7277438324205776,3.810672646698711,2.8939364069852846,5.2895639399079775,4.042853661244639,2.3592655047854407,1.6630583684767342,1.5736713135766305,1.4708332645039537,2.740173280867093,2.7592188768344785,2.502618134305977,4.292998700059534,2.6043801039048753,2.583507514148039,3.704351808893494,3.1597548956940233,1.7481669410869536,0.7752325054640097,3.407087450194547,4.151039100320385,3.1501356932777456,2.628202401428397,2.618667804699968,2.219347469300515,1.7857248797072205,3.4328261769319917,3.9246618891052276,2.6421182424664473,3.30633286288852,2.9396454812530513,1.8172734726563229,1.235287774212293,2.799006874188387,1.721401955673047,2.0146917588219786,2.4031934223997022,2.2733711996902377,3.0191366180892296,26.894814793242567,W8C
0.35352819176785655,3.907704470402698,2.8357558208842844,3.77793899118666,4.386395475835056,3.4860158821672114,2.6287584572370215,3.2242163962318218,2.230763108402416,0.6396369276045397,1.021014516169569,1.5809831609710634,3.149803523267726,3.5056012126227305,1.9693312492498085,2.446456429734261,1.549507164421176,1.222760447785919,3.042817875046345,3.5172031376910464,4.59210083804205,3.5242968977898554,3.4714365399942504,3.055026800229106,2.6917272037840823,3.321605613620062,4.13393478971519,1.56145512376931,3.393255499060175,3.5329775372403613,2.801934288608208,2.917923764942814,2.3554831445630557,3.100260529688163,1.8531926062589097,1.8587415376880192,2.897174990213667,3.116353209623997,3.7795668077934037,26.944733857950965,W8C
2.8386221974818233,3.555472905610173,2.3511057189467315,3.7846506814288325,2.2288292889625736,2.8357400096031267,2.1309898302854533,3.3599351267011195,2.6697798123785565,2.0202741714446795,2.146540955723908,2.2596071490475365,4.031893777662419,3.022127968014899,3.0309483448665775,2.2637919008255256,1.665418496539751,1.8443827209232908,3.673966628504678,2.975641364386389,3.3734232590724673,2.2679417583774266,1.8076053949426558,2.0208182547263513,3.398871582014714,2.4030522520396116,3.002494387529477,2.025400719618019,4.126503953719051,2.7335120695907076,3.2992028656792804,1.6051072297450275,0.5871512395729743,2.2461328348782423,2.6805076757857793,3.143457832243823,1.904968639841234,2.1147270251134564,3.4529374856897532,26.96790043953809,W8C
4.957428042478929,3.5780539567916065,1.2492018165136423,2.4515137994672465,3.095951141961268,3.2382698592931964,1.1711343771256613,3.376243365102855,1.1845495088825446,1.3467507836649484,1.9187914310445964,2.3859357291211216,2.4564091379263964,3.763512977847326,1.9307524629812594,2.496492438739601,1.8518893831476446,1.0833966898661285,3.272784695484417,3.2545374383392636,4.211939780083922,3.3492758430894085,2.5380228162480867,2.6917451500196576,3.369219831360342,3.2113111807455734,3.2750971916707736,2.376298501608056,3.7675123843086715,3.4540720955725708,1.9650804098875985,3.23336416571168,1.9253285211781912,0.7518821415571666,2.398254307557191,2.5502072182491484,1.9273773250897182,3.699815999113641,4.130365674884974,27.284053977334967,W8C
1.0711054168641538,3.6777318713152023,3.1286950556271997,4.017326438839249,4.516922018845927,2.9992022520623127,2.1924225395790167,3.721485197517789,1.9332409640883113,1.5754551436635054,2.1595600111990545,2.5411234427719136,2.6448392081685617,1.2854966098460063,3.161537877661477,2.17867170919049,1.071591226508584,1.5797908312384488,3.4656235593359797,4.610436539947853,4.876725404751967,2.924504827787879,2.3481448512026075,2.3939742025373754,3.713156162612944,2.0610224294822097,3.5320473959582253,4.358767093016958,2.5196451488397074,2.7889665360606957,3.1641843436989183,1.7018892939417256,0.3196679451622726,0.6575916345363404,3.2705765203709154,2.2403042641644513,2.403141695982882,2.124318609511506,3.7625046146447794,27.289726230123335,W8C
2.5941260790968705,3.3888958576547235,1.67163948821448,5.701220580983206,4.980622190368955,3.3675153524255377,2.8344519007118136,3.9278725045226888,1.1403177703375298,2.6212302283336286,3.0671100369670357,2.8587898640298803,4.252977373782956,2.037927886596373,2.206476987494134,3.2420571236130558,2.90262020387896,1.7623058505946634,4.78285445013873,3.7125997904302723,4.044385199678121,2.5922207578455296,2.0481753915093748,1.8836476672931624,3.198917221731503,2.0915967752473894,2.5715682828724313,2.348847375874127,2.9710352558613797,2.7725501870573956,3.4059187777411766,1.8305113434433782,0.9843187320472097,2.5362634417331296,1.7608944856779125,3.2390268484347837,0.9848105607011282,2.3278113144491543,2.8314103512068987,27.373322918966444,W8C
2.1843124061919883,4.707853600148253,2.906699345356568,3.9155619079438964,3.0622747767283163,2.466361565413527,1.8474218298282943,3.901909081525783,2.2516905322442433,2.1345583489741236,2.4804211170030324,2.81672212099505,3.0073753212235714,0.4983731819224695,2.8059178424963753,3.9203928983196255,2.4610419419745506,1.4125298600068894,2.350665666861289,3.4918624728101904,3.373819641776138,1.6870331620042989,3.101307410859331,1.798763310438705,2.788142705533646,2.659226510189342,3.5688424423870626,3.2613387271986443,2.9632702183238777,1.5491953861449375,2.3390046503121216,2.9006153696749406,1.5340151602967298,1.4061058682394048,2.196247911829767,2.772402983115056,2.1840800261966438,1.6367653809957363,3.0268027808888216,27.475067785783523,W8C
3.5189749704311284,4.138234327353562,2.3279882960292353,5.398570544666486,2.676567395446707,2.9548966943375774,1.6286023786234336,2.407624318229739,2.107976617868974,2.5471512742107456,2.541046716953251,2.28943282041804,2.639069182495483,2.0475227723095175,2.5922959379372967,2.344636645533486,1.4086511293925508,1.4491078846462382,4.794786753113889,3.397087973360315,2.768382184163012,1.305999134429594,2.614490527629748,1.8396716305332432,4.130272624800854,2.458077943834171,2.6613731977493895,3.0375928323986687,2.17051296373057,2.720211428414502,2.0484327800791373,2.800835583072847,1.9596805532760955,2.0418197799908873,2.8485130487498544,2.1404400519716402,1.2985308374019724,2.604776930568397,3.136230447977487,27.595577941677387,W8C
2.3152715105878547,3.597086090748725,1.2813565259752915,2.6491135061757896,2.3705186971202075,2.7920981518493164,1.0572708526308001,3.873234493833966,1.3080623318265863,2.0515549256825576,2.4530143122919563,2.9514522698776355,3.6219189064440815,1.395461387732801,1.525907185109384,1.1116607695435348,2.9866765318531523,2.314300805259824,3.454065306487874,2.207616632145446,2.8688868538568477,2.2949345103202994,4.4654698209679715,1.6383094439975403,2.0939183191796027,4.073596059425583,2.659642091070264,2.9195802218752824,2.0385958322970805,2.176282122416113,3.189110687665589,2.8386284684329723,1.485568868622667,1.6581137883699124,2.4093252331463075,2.94822532146444,1.0628110896949985,2.7711323535335683,3.2690498661809237,27.672767948395286,W8C
2.766697765058614,4.357264784368768,0.7851209697481947,2.670923064129637,1.840231205455039,3.9225478972408814,1.6288890976532564,3.2310574809443433,1.7897643995984418,1.555078497906574,2.247291894809659,2.4353547852420645,4.016208250211624,1.814675996558482,1.11816170257454,2.4802333949002584,2.451911286998183,1.0999877904567155,3.997510219985896,2.5646306887029686,3.5474484061220606,2.9647488488033966,2.5246852308599257,2.2847180386284243,2.6710060521133174,2.907591301963157,3.2063772540668527,0.06174685973879512,2.6433179950512615,2.931707567469236,2.0880385362512923,2.5656404326180944,2.1873955581836073,2.0597478962340636,3.073601205509588,2.276374154317819,2.3016967264742156,2.058304568632977,3.5537203850672925,27.877783122138133,W8C
2.678307972500811,2.9620274698453084,0.7902014563849757,2.4259642661762424,2.9387970637807803,1.965021730654911,1.5291930430626284,3.6694114099388493,0.4569199865177791,1.993826444817247,2.1708782266235342,1.8982899861559779,3.145868151143159,2.2349942953531188,3.128964891099617,2.7081735962802203,1.3723239004429841,1.665551851975378,4.563084931026634,3.3968883019180263,3.983640915112936,2.8170463786608106,2.303862518926779,2.424182975917674,4.099923365517283,2.4599154807940904,3.1433490313562324,1.2018134708466623,2.8926348193067666,3.308555435754149,2.814460946791585,2.896109871990182,1.799176265263599,1.9328369484651928,2.885936182180306,1.9283581528141305,2.289507966269157,3.287116562208178,4.1973285929239745,27.89059823586001,W8C
4.9010554218076745,3.6628960627391938,2.5652266787382096,4.873929407216135,2.5004155848219534,2.30544026875127,2.3556787274220885,2.9101872176895753,2.3240633139810045,1.5854090777602536,2.440998348103957,3.0200167216367917,4.542668309547589,2.5335378432752913,1.7449523034778749,0.8999885446492137,2.3603543051438525,2.2280221547783223,3.800523146587786,3.341237746085455,2.7577888931979455,1.2955950986800482,2.340366474625219,2.1277733350273795,3.9049074071629004,0.6225186410007209,2.4935591252299414,1.0700240256059759,2.2905766466538173,2.91353249467642,1.7178229610325055,2.344164821283215,1.7465520721987573,1.6951965279250771,2.170520230296577,1.694763056902325,1.7458116361129208,2.7335187844383095,2.9535601013406216,27.945969604190235,W8C
2.533627154836171,3.1142280773439954,2.734820665513542,0.7928982990333142,3.093743735275415,2.3931412261843112,2.764625105440152,1.797375745287488,2.3151407764039744,2.2087376001823134,2.3621895036183327,2.0329081523787518,1.9914839447554062,3.7258658276125236,0.771527789554272,1.723185604447933,2.7516572555292313,1.5529627753424777,4.378577873912006,3.6889669741877977,4.442317978424684,3.304712659686601,5.300950521300419,1.4472808087794142,3.4938345237457815,1.6492030945865288,1.9018782394021638,3.4016930636840073,3.15703957765549,2.217678172057835,2.79826411793061,2.0845344705605804,1.073502379105284,1.750099983985018,2.971255819318178,1.876287443062974,1.231792105451297,1.9946379937799668,2.6360449574380658,28.034528060118806,W8C
1.0884307779839346,4.725510103237922,2.7865430992382025,4.057669727831668,4.153144884353106,3.4168992069835644,2.4182663319476614,3.4353701754763697,2.160244612736258,1.9032845247203962,2.430871457261596,2.611206474290184,2.2896600211167124,4.099185261710465,1.8646412832210582,3.4864083177162124,1.0667870976008298,0.4083899637319497,3.568325857235531,3.706308182271308,3.9720983785271264,2.463441851387699,3.265941830540841,3.2038445870065746,2.9296826598236687,2.962071583118347,3.590167744729918,3.399118201875509,3.6844273259169986,4.515450824548582,2.5509753320514923,1.59496241952428,1.1439790449309797,2.122552467294294,3.0670575194418364,2.055128969868996,3.551383349422133,3.6027020237533245,4.957596966236319,28.098844997776215,W8C
2.240205889012492,3.468850483079763,2.685735498962004,2.644503884029322,3.757868275959723,3.4856471932318183,2.9865217230563315,2.757170820133364,2.6223952826021413,1.9097901126420378,1.6381537257935717,1.431861970701427,4.993754614931195,2.907349819553386,2.5467432557103287,2.7610671251370933,2.7729581871177698,1.9795286671372399,4.3296340863608895,1.999430809303421,3.5734704102580483,3.520199976929642,3.931286051863584,2.813168780144911,2.6750316603407853,2.900987750481801,3.8783832737000603,3.2661417615355375,3.068003215964725,3.1639117418830853,2.466179827191055,2.7463111293408993,2.0940283630518506,2.237227324489541,2.3279182743778315,1.7048346646919814,2.2311880346026878,2.925949485365756,3.428785299299335,28.215872297972417,W8C
2.5319474492453944,2.5362873356921574,2.2499344623954114,4.663750885531263,2.769034760480812,2.4919605923429096,1.7786098689693548,3.8437034877959877,1.8440661205915831,2.797561226300914,3.147978187723217,3.041723920119763,3.877574942364488,1.639503972451866,2.564231917175319,2.454932799112582,1.2929100958184256,1.340506591850604,3.1021573729840517,2.493715082869778,3.2116098491179583,2.5977620464137186,2.840952097519334,2.644047540136851,2.9084551368563325,2.045945099605831,3.7612160499034406,3.630504370963246,2.104516261008402,3.1523142610441908,2.224766731239548,1.7108078243075893,0.8989300043901743,0.997939827420667,3.0082760862388334,2.0437974669835643,2.692254484290131,3.065983285192721,4.211677902823114,28.436640860355457,W8C
2.259882905477719,2.9291708589476877,2.1507172529205634,1.9891844148579476,5.136022025411703,3.909595303322755,1.6505855354166368,2.7017104038667847,1.14151851417836,1.246433886596519,2.4179881267486834,3.7814755536683964,0.7818465765523697,1.5882275881448225,2.227336080081014,2.7099974592749208,2.1328449224366635,1.453833434799547,4.822206976098728,3.0577553793188126,4.076855648337052,3.1992728042453797,3.3349792068002873,2.647943305032297,3.5982518342357688,3.7190473088983955,3.7103239839030806,1.0563782761510305,4.956052273735032,3.1680787085934985,3.262798203575015,1.7734023355042496,0.6172828571548346,1.2169644300053462,2.998639901965792,2.238555237974566,2.404555782219661,4.281305214675884,4.961091307639854,28.458332149476867,W8C
2.4367236794138694,2.8778763664545397,2.351253572622455,2.1576618561553946,2.077692513105652,3.274544568757721,3.1164013905171437,2.172872386734903,3.270408904795797,2.0671892968804735,2.536612705621784,2.533278837816779,3.012614168562675,1.665401832662428,3.084656140815505,1.7734926365789159,1.5468269661817051,2.127051332822065,3.489138328441311,2.700471177517593,3.3950564952259836,2.4445328966756135,2.7746442956423354,2.2409415018382215,4.201500070357472,2.9122912484970747,2.848502377906712,0.6364274656028672,3.436670561352393,3.3203977606070967,2.0369682291069617,1.6704405743755233,1.024688251414079,0.9279479675867397,2.5145196099296587,2.3461789527045687,1.0687033971174937,1.9790842904221935,2.712395098495045,28.525510652032537,W8C
2.129861759617005,3.00641224925111,1.945267034133015,2.9462140512330253,2.6717802081855115,2.9026882491935546,1.3907562998393765,3.696333030933146,1.6267425923605787,1.7576140442383252,2.4761312483943714,2.8264632836749723,3.9395670952699873,1.2143594313003963,1.9340329415174438,1.55028507326528,2.4718099856564737,2.134827474355377,3.9704768214671167,3.3006723971501777,4.4165707858661705,3.3615297908254727,1.5831520585681789,1.4706724335204886,2.623433769610568,2.518746220650066,2.3577605723383206,1.6397668296188008,2.1156802260371035,2.4294127785219275,2.5810049166794333,2.3475202581095465,1.1645452554682425,0.8869820535165969,2.020394375532019,1.2687019837784976,2.1604947473987925,1.8524421845310055,2.565694103996876,28.550933751243036,W8C
4.445242806386075,3.8738858220111143,1.7762053965986428,2.704618871324943,3.7732021780145653,3.608444611957699,2.5941265086038494,4.233265449809966,1.976586061974702,1.6776471348937674,1.5971591309934154,1.5008825565537047,1.8391279346324243,4.663742646108662,1.8248933822235451,3.536458804002934,2.9447844857344587,1.3052447731122407,2.853987684624112,4.208474314782688,4.215111521760635,2.4893196176792602,2.880423090375416,1.8266443958310428,3.440697231508773,3.2716547886901104,3.1027919095489915,4.119144070956727,2.416174366734056,2.2559277729105656,2.9939125717878037,3.103639330367815,1.8835140526836198,2.1346136848736847,3.249590863651866,2.401673435311367,2.676123656816021,1.841662521725012,3.681984302337257,28.559669916612414,W8C
1.5864250824176942,4.324510342968271,2.326750660713796,3.8247295965299095,3.427776845743829,3.284565665907346,1.4816312931673896,3.006891102486174,1.7567049116647087,2.9485268325046223,2.834096141677003,2.2220531394282084,2.467427813532591,2.99890019922443,2.5329971341082445,2.963504909958792,1.5736326015073798,1.4288689337870522,3.823894293398502,3.341172053445987,3.7017830447162967,2.4259814226907928,3.83777554827595,2.376509409970983,1.9424261554906135,3.5787735817318307,2.904656620581782,4.148674616366442,2.2702053109613396,3.4609462288889317,3.0695872354587825,1.9527787954922775,0.9443970521782409,1.8529317633461804,3.326471318703135,1.7389377940420259,2.1436952795733477,3.032657397946869,4.000461237028605,28.599688994066867,W8C
3.772165926922905,3.7243004180195487,2.335339341147116,3.0311526638222315,3.1882400991732345,2.5672088450851547,2.351658437015285,1.2970599058379968,2.2038337532866246,1.5477076472522215,1.946356065731514,2.3472678486340026,2.6149098757991927,2.70613436686207,2.4479107138489877,3.021773165918945,3.264709588993881,2.005815138771087,4.86720302690572,2.6420503407679385,3.694640441359479,2.8641607931471063,3.02094471686943,2.508719681801872,2.6627388866582287,2.56421819230161,3.540799154358938,2.9660781743638824,3.596315946665229,2.746160040508721,3.9492523366064205,2.887596623362603,0.9346430349894765,2.01647842156828,3.6421102753375574,1.6795065924853025,3.0629494851130965,2.698062791474844,4.170904262423947,28.66099718462467,W8C
4.166333413092132,1.8398060580746514,2.477610095115386,3.990403114023287,4.733908231342911,3.003157149171873,2.394592882537537,3.023692319900917,1.4449937380852833,2.3855812784377237,2.339117217539764,2.341193885905758,3.3607609923495616,4.040421299989388,3.384091393138941,3.2326466451757274,1.8437889343230702,1.6255867657027079,4.223210198072744,2.894147003805995,4.622010500309064,4.105942344335807,4.034642138637237,3.442890485747742,3.1790386534146124,2.459256720059387,4.401837759119324,2.9678204630914182,1.8923169953511012,4.014400218223046,4.136200826972918,2.615859648641807,0.8729216612670633,2.173884707874073,2.502084843968526,3.5066862584963907,2.7140023801752817,3.109967066007041,4.781357775682608,28.732898210151856,W8C
2.146903609744919,2.831478866171927,3.1337294008654686,4.147273847070106,3.8003503646932746,3.132445328364193,2.05318890053052,3.51850980485871,2.1916798099573,2.339693231802265,2.499726661677961,2.337665392292359,3.0226264667262215,1.0782432836200952,3.060862029392952,2.8782870234861573,0.8278035567729312,1.1275983802568905,3.742783167538632,4.081077256973656,3.7702437888690183,1.8035740455513185,2.2964348688140945,2.080664945922987,4.048247985078474,4.607730186514235,3.18398015163591,3.6390454282220075,2.9886424712664357,2.462014547515892,3.7492246562254237,1.0995452318982992,0.3775743465900654,2.5609551259891314,3.1905941408544094,2.4430394675139966,4.03246960229107,1.989769787045483,4.586615639208743,28.736025595762065,W8C
3.9010937160783152,3.7755712717421197,1.8952004861765492,2.335081430520603,3.4854850576128023,3.3198882239598326,2.5408677615040727,0.0,2.1105191417154017,2.007631506965175,2.3398755407387757,2.3148810423864146,4.168752433944787,1.7627777716542758,2.6258935200284306,3.5786276680588807,2.7600843806114153,1.5968010987496948,4.025973005635532,3.7728134577697516,4.642097653630353,3.2000381035127625,2.662843602253111,1.9987689178309147,2.223403465193486,3.6496774315873184,2.817741429226901,2.932927058703503,3.4116683341310834,2.579347057878935,3.8153398790788646,2.2032089291567196,0.8500587360308294,2.1483085485305042,2.4782412714154507,1.8618102644944377,2.46731417087207,2.2722577644253983,3.3888573386755896,28.75800608703735,W8C
4.50410697671796,2.396292032371247,1.6484254476147406,2.0051723731603452,3.6800227833400494,2.523206163287474,1.4792461585893322,3.216241013380861,0.7677038941699528,2.382989220976058,2.4830193337309283,2.1641793157504434,3.7129897688493227,1.7168887387314096,1.9757229698835366,3.7474913654391138,2.023841244093142,0.997794008742046,4.744532650984039,4.016472236586532,4.563963236531103,3.1886116478389632,3.175902126327545,2.225979561461984,2.2925385190746277,3.652815836174659,3.1305522338910996,2.5306784277123184,3.2590198862423585,2.89378563939505,2.22157082302472,3.220478409760278,2.256357798883725,2.2101104431848078,3.0710026637130197,2.645670213731596,2.633911556072687,1.6953069228338755,3.6535871292566577,28.827518135607207,W8C
2.47928916258173,2.6260588900243724,2.362943632651248,2.4913584736915935,2.846488132039971,3.9516110002921483,2.0955087256866176,2.8949651750516256,2.62790706013354,1.488720141408013,1.8518474439233281,2.145180167134281,2.912230954299825,2.931172045352957,1.2369360820580502,2.0800006938417335,2.552301803973383,1.4785396756018634,2.5210527904850917,3.0864776798091365,3.8653110406075397,2.984715093087251,3.744873931431053,1.8544440785360314,1.0259854136905833,3.090926977240565,2.5714788054065014,2.553446846915072,3.18038136316237,2.8972489948056093,1.2616271579888094,2.244345421832528,2.8559714521919988,3.4258683492780575,2.8232938604564177,1.443357898606876,1.8811196537414097,1.0375579640240624,2.4065331206213965,28.848305417193234,W8C
2.1046684864952754,3.5601179537598893,3.11476546533751,1.1710750774082355,4.2531331329551305,2.940671078682332,2.030189948841321,4.279809098788466,1.8475725957975284,1.6853440965058128,2.2510012137884106,2.472811618199491,4.779593115079971,1.9896022225000207,1.8122110612119078,3.3075262891239925,1.70537254296724,0.712064911564757,4.173828590490772,4.553713004656115,4.396809643036708,2.4885181930422533,1.5661284179931605,1.9099772766298104,4.681992914155811,3.0260339704771955,2.49613239175634,3.5747361182848896,1.9719368435223734,2.8234856386832776,3.177025688853036,2.1919829566955538,1.2186651343227,2.1084373590602237,4.168595948494782,2.330578876819117,2.6655851454837194,2.485665985215711,4.267640378658545,28.859039044157964,W8C
3.360000591423449,1.021494458170193,2.314322633940707,1.4032597585326934,3.7272035033015016,2.5987058369644043,1.7049407656901356,1.5531714183658034,1.341223423269537,1.8230532655511344,2.3693913792601458,2.6525980586961544,3.367358175318826,1.5921177928662151,2.9916989094468733,3.547007705880334,3.6687645493762893,2.295676750196876,3.829994617365296,3.5407338047278274,4.147755346573965,3.014419287862022,2.265432056213728,1.8477605116536764,3.8293815940095204,3.796967112675275,2.7401512697453856,1.2834398012643535,4.327937238912108,2.5338867927331954,3.432749850662802,0.9903144364972394,0.14112825697490905,1.961819396812074,1.6699807776165843,2.326764217826281,2.7265194733560403,3.8099666004164754,4.147625352825447,28.888835017374582,W8C
1.9631968148300765,3.153005108364256,2.277862865231962,2.575052176861178,3.065990655222573,3.110676003389856,2.430147508150436,3.205232491138033,2.416789423697806,2.6546519073486285,2.5007918468014037,2.1067305079847087,1.4814657305465049,3.729484093473973,2.817374337531019,3.713144001803617,2.4158406010603075,1.4189839192326792,3.1045842791454126,4.1046876026496,4.153877986771485,2.2918666194272,1.6423207488565608,3.086993265250601,2.258915756969575,4.880930115911303,3.70066964197789,2.434691467509279,4.522283701804185,3.71542314714778,3.16046284335417,2.5951650537694837,1.0373336667130812,1.4411575300234367,2.6321452998479735,2.9335575987396814,1.896082054294284,3.2695151442790453,4.018079671120006,28.894532596860376,W8C
3.6999622631923463,4.439075488262736,3.353574409385372,3.5116828490987633,3.8112532439055182,3.733010213633917,2.82722960540976,2.477498484421267,2.89807491664532,2.5949961139678486,2.2017879964490588,1.3829307611771706,2.8299619918563246,1.5902190418194269,2.7273991645606666,2.5148761428424153,2.4485631831524417,2.085693983685796,4.098290313562096,3.9536638730905094,3.709377478040704,2.061765815422672,2.2681288948815936,2.4955959371736647,4.941173565868313,3.058991098496437,3.10016365854982,3.0706838106780285,4.180296497568218,3.062686442945238,2.613882689907216,2.219314511992537,1.5815683894058266,2.4212767641233333,2.345426803263745,1.8451833436800245,2.6165515264698818,1.79415500962671,2.9793342022164886,29.046758765162892,W8C
